snid,Discovery Mag,Redshift,Filter ,Following?,TNS class,Got Template?,CCD,RA,DEC,Comment,Classification Comment,Host Redshift,Days since first obs,Days since Discovery,Discovery Source,Mat Comment,YSE Field,MWEBV,Galaxy Type,Galaxy Host Name,discovery date,first obs date,Class Group,Comment,set date,estimated peak,Days since Peak,link
CS1,,,,FINISHED,spec ia,NO,,48.3,-20.44,,,,,,,,,,,,,,,,,,,
CS2,,,,FINISHED,spec ia,NO,,48.3,-22.64,,,,,,,,,,,,,,,,,,,
CS3,,,,FINISHED,spec ia,NO,,48.3,-18.24,,,,,,,,,,,,,,,,,,,
CS4,,,,FINISHED,spec ia,NO,,50.5,-20.44,,,,,,,,,,,,,,,,,,,
CS5,,,,FINISHED,spec ia,NO,,46.1,-20.44,,,,,,,,,,,,,,,,,,,
Shapley_Skymapper,,,,YES,spec ia,NO,,203,-31.5,,,,,,,,,,,,,,,,,,,
2021dha,19.623,0.080206,g-ZTF,FINISHED,spec ia,NO,9,172.9102667,14.0762639,,,0.080131,99,685,ZTF,,523.D.a,,Spiral?,SDSS J113137.85+140438.4,2021-02-17 9:54:05,2021-02-19,UCSC,,,,,
2021dev,19.4876,0.054224,g-ZTF,FINISHED,spec ia ,NO,11,162.6006244,0.9269222,,,0.054224,99,685,ZTF,,418.F.a  ,,Elliptical,WISEA J105024.42+005538.7,2021-02-17 7:37:31,2021-02-19,ZTF,,,,,
2021ckc,20.5197,0.053072,g-ZTF,FINISHED,spec ia,NO,6? pointing issue,178.6487242,25.3834417,,,0.053072,99,695,ZTF,,575.B.a,,Elliptical,2MASX J11543586+2522554,2021-02-07 11:45:39,2021-02-19,ZTF,,,,,
2021cym,19.34,0.04,,LOST,spec ia,NO,16,124.5537832,10.8902444,,,-,,691,ZTF,,1511.B.a,,Elliptical,-,2021-02-11 5:05:17,?,ZTF,,,,,
2021clw,16.7,0.0234,g-Sloan,FINISHED,spec ia,YES,21,87.83308,-50.5825389,,,0.023389,99,692,ASAS-SN,,?,,Spiral,NGC 2115,2021-02-10 3:50:24,2021-02-19,ePESSTO+,,,,,
2021cyn,20.45,0.06,g-ZTF,FINISHED,spec ia,YES,36,123.4545647,-12.1159861,,,-,99,693,ZTF,,415.A.a,,Elliptical?,-,2021-02-09 6:34:34,2021-02-19,ZTF,,,,,
2021dch,18.244,0.020165,cyan-ATLAS,FINISHED,spec ia,NO,22? pointing issue,196.3490056,29.509636,,,-,99,686,ATLAS,,577.A.21inl_21dch,,Elliptical,-,2021-02-16 11:48:29,2021-02-19,SCAT,,,,,
2021dhg,20.1085,0.001361,,ABANDONED,Nova,NO,22? pointing issue,194.1987521,21.647986,,,0.001361,99,687,ZTF,,577.B.a,,Spiral,MESSIER 064,2021-02-15 9:38:42,2021-02-19,Atapin+,,,,,
2021dib,20.5943,0.086,,ABANDONED,spec ia,NO,28? pointing issue,173.7361174,9.038658,,,-,99,685,ZTF,,523.C.a,,Elliptical?,SDSS J113456.67+090218.4,2021-02-17 8:06:37,2021-02-19,ePESSTO+,,,,,
2021dgu,20.05,,,ABANDONED,?,NO,23? pointing issue,186.3813201,3.437056,,,-,99,685,Pan-STARRS1,,474.E.a,,spiral,-,2021-02-16 13:50:53,2021-02-19,?,,,,,
2021cjb,19.49,0.071186,,LOST,spec ia,NO,35,211.5058916,-7.772315,,,-,99,694,ZTF,,376.2020esm.a,,Elliptical,-,2021-02-07 12:34:34,2021-02-19,ZTF,,,,,
2021cjf,18.61,0.040508,,LOST,spec ia,NO,16? pointing issue,37.96530069,2.050254138,,,-,,693,ATLAS,,401.B.a,,spiral,-,2021-02-09 6:43:12,?,ZTF,,,,,
2021cxr,19.415,,,ABANDONED,?,NO,28? pointing issue,52.0691886,-20.2237,,,-,,690,ATLAS,,253.B.a,,Elliptical,-,2021-02-12 5:55:41,?,?,,,,,
2021dnl,19.418,0.0556,r-ZTF,FINISHED,spec ia,NO,53,221.762429,0.475708,,,0.0558111,99,682,ZTF,,415.A.a,,spiral,SDSS J144704.01+002844.6,2021-02-20 8:36:03,2021-02-23,TCD,,,,,
2021dov,18.14,0.012797,g-ZTF,FINISHED,spec ia,YES,29,134.0779465,-0.4421419762,,,-,99,680,ZTF,,415.B.a,,Elliptical?,-,2021-02-22 6:36:00,2021-02-23,SCAT,,,,,
2021dep,17,0.036805,g-Sloan,FINISHED,spec ia,NO,42,211.0527318,27.62614525,,,0.036805,99,684,ASAS-SN,,674.E.a,,spiral,KUG 1401+278,2021-02-18 8:52:48,2021-02-26,ASAS-SN,,,,,
2021ddh,18.939,0.036,cyan-ATLAS,FINISHED,spec ia,YES,36,129.8713198,-1.408058568,,,-,99,685,ATLAS,,415.A.b,,spiral,-,2021-02-17 10:12:00,2021-02-23,TCD,,,,,
2021dcu,18.266,0.041798,cyan-ATLAS,FINISHED,spec ia,NO,42,242.0259532,25.48373103,,,-,99,685,ATLAS,,632.C.a,,Elliptical?,-,2021-02-16 13:45:07,2021-02-23,TCD,,,,,
2021dlb,18.5278,0.033416,g-ZTF,FINISHED,spec ia,NO,41,223.2790397,3.537317514,,,0.033416,99,682,ZTF,,428.B.a,,Elliptical,2MASX J14530723+0332171,2021-02-20 10:08:32,2021-02-26,SCAT,,,,,
2021dsi,18.93,0.0766,,ABANDONED,spec ia,NO,10,179.8795067,-1.146456667,,,-,,679,ATLAS,,?,,Elliptical?,-,2021-02-23 10:23:31,2021-03-04,SCAT,,,,,
2021drc,18.58,0.040571,r-ZTF,FINISHED,spec ia,NO,47,171.9545038,21.38672869,,,-,99,679,ZTF,,?,,Spiral?,-,2021-02-23 8:28:19,2021-02-23,ZTF,,,,,https://www.wis-tns.org/object/2021hku
2021chy,21.85,,,ABANDONED,?,NO,28,183.692886,13.33140088,,,-,,695,Pan-STARRS1,,525.D.a,,spiral,-,2021-02-07 11:45:36,2021-02-19,?,,,,,
2021gmk,17.968,0.041,orange-ATLAS,FINISHED,spec ia,YES,11,91.86167429,-45.004135,,,-,99,654,ATLAS,,?,,Elliptical,-,2021-03-20 5:29:46,2021-03-24,ePESSTO+,,,,,
2021hfq,18.85,0.08,G-Gaia,FINISHED,spec ia,YES,33,119.47875,-67.731431,,,-,99,646,GaiaAlerts,,?,,?,-,2021-03-28 10:42:14,2021-03-30,ePESSTO+,,,,,
2021hem,19.9872,0.035,r-ZTF,FINISHED,spec ia,NO,40,245.3167114,14.5526557,,,-,99,650,ZTF,,583.A.a,,Elliptical?,-,2021-03-24 10:05:20,2021-03-30,,,,,,
2021hdu,19.25,0.058,,ABANDON,spec ia,NO,46,319.0668575,5.2465474,,,-,,649,ZTF,,?,,elliptical,-,2021-03-24 12:31:41,2021-03-30,?,missed first two epochs due to bad weather,,,,
2021hef,18.79,,,ABANDON,?,NO,30,107.0982151,-23.7996225,,,-,,649,ZTF,,?,,?,-,2021-03-25 3:30:14,2021-03-30,?,,,,,
2021hjc,18.81,0.05369,r-ZTF,FINISHED,spec ia,YES,10,141.3886776,-24.7649249,,,-,99,644,ZTF,,?,,?,-,2021-03-30 5:32:38,2021-03-30,?,,,,,
2021hed,19.2,,,ABANDON,?,NO,34,208.6036427,23.6766484,,,-,,650,ZTF,,?,,Elliptical,-,2021-03-24 6:50:23,2021-03-30,?,missed peak?,,,,
2021hcz,15.43,,0.001769,ABANDON,?,NO,27,54.874625,-18.6917,,,-,,649,GaiaAlerts,,?,,Elliptical,-,2021-03-24 23:36:58,2021-03-30,?,,,,,
2021hjb,18.785,0.06651,orange-ATLAS,FINISHED,spec ia,YES,22,133.9395421,16.9246338,,,-,99,644,ATLAS,"the classification is 'robotic', with a 92% accuracy rate",?,,Elliptical,-,2021-03-30 7:52:19,2021-03-30,ZTF,reddened?,,,,
2021hiz,17.7093,0.003319,g-ZTF,FINISHED,spec ia,NO,23,186.4236464,7.228405121,,,0.003319,99,644,ZTF,,?,,Spiral,IC 3322A,2021-03-30 8:36:49,2021-03-30,UCSC,SHARED with YSE,,,,
2021hiv,18.38,0.023,,ABANDON,SN II,NO,41,192.2743496,-12.2076946,,,-,,647,ZTF,,?,,Elliptical?,-,2021-03-27 8:05:17,2021-03-30,?,,,,,
2021hku,16.7,0.011,,ABANDON,SN Ic-BL,NO,34,308.00797,-53.74952,,,0.010908,,643,ASAS-SN,,?,,spiral,ESO 186-IG 059,2021-03-31 8:23:59,2021-04-02,ePESSTO+,,,,,
2021hep,17.9292,0.034,,ABANDON,spec Ia,NO,33,107.8189134,4.98006815,,,-,,646,ZTF,,?,,Elliptical?,WISEA J071116.49+045850.4,2021-03-28 4:12:12,2021-03-30,None,typo caused to drop??,,,,
2021grd,18.7988,,r-ZTF,FINISHED,spec Ia,YES,11,129.4269574,-11.1879023,,,0.053447,99,656,ZTF,,?,,Elliptical,WISEA J083742.46-111117.5,2021-03-18 5:17:47,2021-03-21,?,,,,,
2021ghc,19.669,0.046217,orange-ATLAS,FINISHED,spec ia,YES,34,149.1374525,0.752317185,,,-,99,655,ATLAS,,?,,Elliptical,-,2021-03-19 8:44:10,2021-03-21,SIRAH,,,,,
2021fna,19.135,0.079,orange-ATLAS,FINISHED,spec ia,YES,9,154.0947855,-23.1994468,,,-,99,660,ATLAS,,?,,Elliptical,-,2021-03-14 8:15:22,2021-03-23,ePESSTO+,,,,,
2021gkz,19.4037,,,ABANDON,?,NO,26,179.0925558,30.545875,,,0.076926,,655,ZTF,,?,,Elliptical,WISEA J115622.08+303237.5,2021-03-19 8:37:45,2021-03-21,?,,,,,
2021gcw,18.8364,0.081438,,ABANDON,spec ia,NO,16,197.1282227,16.12499827,,,0.081438,,656,ZTF,,?,,spiral,WISEA J130830.53+160730.1,2021-03-18 6:50:50,2021-03-21,ZTF,barely caught peak and then accidentally dropped,,,,
2021gyh,20.21,0.08,,ABANDON,spec ia,NO,53,195.966087,-3.4517458,,,-,,654,Pan-STARRS1,,423.C.a,,Elliptical,-,2021-03-20 9:59:02,2021-03-27,YSE,missed peak,,,,
2021gkb,19.5326,0.06939,g-ZTF,FINISHED,spec ia,NO,30,164.4807248,-13.7907718,,,0.069395,99,655,ZTF,,?,,Elliptical,WISEA J105755.42-134727.2,2021-03-19 6:33:13,2021-03-24,ZTF,,,,,
2021fxy,16.9,0.0094,Clear-,FINISHED,spec ia,NO,34,198.2565721,-19.51251762,,,-,99,656,NONE?,,423.E.a.2021fxy,,Elliptical,NGC5022,2021-03-17 17:23:37,2021-03-21,SIRAH,,,,,
2021foh,18.2,0.022,orange-ATLAS,FINISHED,spec ia,NO,41,200.1703818,-17.10931636,,,-,99,659,ATLAS,,?,,Elliptical,-,2021-03-15 10:50:53,2021-03-23,ePESSTO+,,,,,
2021fqb,20.4,0.035,L-GOTO,FINISHED,spec ia,NO,49,227.774625,5.107269,,,-,99,660,GOTO,,?,,Elliptical,-,2021-03-14 4:19:22,2021-03-21,GOTO,,,,,
2021gwa,20.1448,0.07036,g-ZTF,FINISHED,spec ia,NO,23,235.6545,6.854539,,,0.070355,99,656,ZTF,,?,,2 Ellipticals?!,WISEA J154237.48+065124.5,2021-03-18 11:59:44,2021-03-23,ZTF,,,,,
2021gez,19.72,0.03206,cyan-ATLAS,FINISHED,spec ia,NO,6,245.5417896,21.22222736,,,-,99,655,ATLAS,,583.F.a,,Elliptical?,-,2021-03-18 13:23:31,2021-03-23,ZTF,,,,,
2021fuf,18.069,0.064,,ABANDON,spec ia,NO,36,144.52917,-18.9275425,,,-,,658,ATLAS,,?,,Elliptical?,-,2021-03-16 10:33:36,2021-03-21,TCD,missed peak?,,,,
2021gno,18.2017,0.006211,,ABANDON,spec 1b,NO,40,183.0428978,13.2491751,,,-,,654,ZTF,,?,,spiral,-,2021-03-20 5:38:54,2021-03-23,UCSC,,,,,
2021ftc,19.419,,,ABANDON,?,NO,52,217.036086,2.126932,,,-,,659,ATLAS,,?,,Elliptical,-,2021-03-15 11:32:38,2021-03-23,?,,,,,
2021fof,18.35,0.04,orange-ATLAS,FINISHED,spec ia,NO,17,212.0533103,-8.832710317,,,-,99,659,ATLAS,,?,,Elliptical,-,2021-03-15 11:58:34,2021-03-21,SCAT,,,,,
2021gqc,18.95,0.047,orange-ATLAS,FINISHED,spec ia,NO,43,226.949792,-10.247161,,,-,99,654,ATLAS,,?,,Elliptical,-,2021-03-19 12:12:58,2021-03-23,ZTF,,,,,
2021gwn,18.031,0.048,orange-ATLAS,FINISHED,spec ia,YES,48,161.79996,-29.38623,,,-,99,652,ATLAS,,?,,Elliptical,-,2021-03-22 10:04:48,2021-03-27,SCAT,,,,,
2021hru,20.1654,,,ABANDON,?,NO,20,146.2138738,-12.68326575,,,-,,643,ZTF,it's too faint to be a Ia in our redshift range,?,,Elliptical,WISEA J094452.02-124059.1,2021-03-31 4:03:16,2021-04-05,?,,,,,
2021hze,19.6545,,,ABANDON,?,NO,30,157.3385335,-16.6027629,,,-,,640,ZTF,,?,,Elliptical,WISEA J102921.07-163609.3,2021-04-03 3:41:19,2021-04-05,?,,,,,
2021ied,19.9666,,,ABANDONED,spec ia,NO,,245.7204035,25.624883,,,0.1114918,,641,ZTF,,?,,Elliptical,SDSS J162253.21+253728.3,2021-04-02 8:39:49,,ePESSTO,,,,,
2021hji,19.9553,0.057,g-ZTF,FINISHED,spec ia,NO,41,252.171356,21.99722575,,,0.057739,99,646,ZTF,,?,,Eliptical maybe ,WISEA J164841.04+215950.8,2021-03-28 11:35:12,2021-04-05,ePESSTO+,,,,,
2021hon,18.748,,,ABANDONED,?,NO,49,89.02804667,-32.79206333,,,-,,642,ATLAS,,?,,Spiral,-,2021-04-01 5:48:29,2021-04-02,?,,,,,
2021hkf,18.82,0.02,,ABANDONED,spec 2,NO,22,176.0969894,8.1781768,,,-,,645,ZTF,,?,,Spiral,-,2021-03-29 6:08:38,2021-04-02,ePESSTO+,,,,,
2021hvo,17.907,0.051,orange-ATLAS,FINISHED,spec ia,NO,22,200.7138947,-40.77670824,,,-,99,640,ATLAS,,?,,?,-,2021-04-03 10:45:07,2021-04-05,ePESSTO+,,,,,
2021htw,18.033,0.08,,ABANDONED,spec ia,NO,43,88.373036,-35.035284,,,-,,640,ATLAS,,?,,Elliptical,-,2021-04-03 5:31:12,2021-04-05,ePESSTO+,idk why,,,,
2021ibo,19.26,0.058,r-ZTF,FINISHED,spec ia,YES,23,136.1089968,8.012786188,,,-,99,641,ZTF,,,,?,-,2021-04-02,2021-04-08,ZTF,,,,,
2021hvq,18.46,,,ABANDONED,?,NO,26,165.887925,-34.33562167,,,-,,640,ATLAS,,,,?,-,2021-04-03,2021-04-08,?,barely caught peak and not confirmed,,,,
2021hup,18.78,0.049,g-ZTF,FINISHED,spec ia,NO,5,178.5248434,-6.6015876,,,-,99,642,ZTF,,,,Elliptical,-,2021-04-01,2021-04-08,ZTF,,,,,
2021ipf,19.581,0.055735,g-ZTF,FINISHED,spec ia,NO,40,174.460788,-7.228356,,,0.055735,99,637,ZTF,,,,Elliptical,6dF J1137507-071341,2021-04-06,2021-04-08,ePESSTO+,,,,,
2021ihz,19.9694,0.06976,r-ZTF,FINISHED,spec ia,NO,52,228.3638399,25.20666325,,,0.069972,99,640,ZTF,,,,Spiral,UGC 09770,2021-04-03,2021-04-08,SIRAH,,,,,
2021hwk,18.9903,0.041,r-ZTF,FINISHED,spec ia,NO,11,214.7613339,-7.3905934,,,-,99,640,ZTF,,,,Elliptical,LEDA 1019808,2021-04-03,2021-04-08,ePESSTO+,,,,,
2021ipb,20.992,0.036912,g-ZTF,FINISHED,spec ia,NO,9,240.8874486,14.55224117,,,-,99,637,ZTF,,,,Elliptical?,-,2021-04-06,2021-04-08,ZTF,,,,,
2021igt,19.712,0.075382,cyan-ATLAS,FINISHED,spec ia,NO,54,191.2505377,21.14171747,,,-,99,638,ATLAS,,,,Elliptical,-,2021-04-05 9:17:17,2021-04-11,ZTF,,,,,
2021ipk,19.598,,,ABANDON,?,NO,17,184.3791209,-14.18198488,,,-,,635,ATLAS,,,,Elliptical,-,2021-04-08 10:14:53,2021-04-14,?,skip on 04/14,,,,
2021inj,19.3333,0.041,g-ZTF,FINISHED,spec ia,NO,16,241.4124943,3.071941517,,,0.041,99,636,ZTF,,,,Spiral,UGC 10184,2021-04-07 10:36:17,2021-04-11,ePESSTO+,,,,,
2021ipj,19.815,0.11,,ABANDON,SN Ia-91T-like,NO,,164.9488375,-7.0077056,,,-,,635,ATLAS,,,,Elliptical,-,2021-04-08 8:52:48,,YSE,skip on 04/14. missed peak,,,,
2021ill,19.242,0.056,cyan-ATLAS,FINISHED,spec ia,YES,29,139.938917,-30.877989,,,-,99,636,ATLAS,,,,Elliptical?,-,2021-04-07 7:29:17,2021-04-11,ePESSTO+,,,,,
2021ify,20.4655,0.056,r-ZTF,FINISHED,spec ia,NO,27,261.7237293,13.17884771,,,-,99,640,ZTF,,,,Elliptical,-,2021-04-03 11:06:15,2021-04-11,ePESSTO+,,,,,
2021iov,19.297,0.053944,cyan-ATLAS,FINISHED,spec ia,YES,34,141.6618652,-7.087174,,,-,99,635,ATLAS,,,,Spiral,-,2021-04-08 7:58:05,2021-04-14,ZTF,,,,,
2021ixi,19.465,0.02,,ABANDON,SN Ia-91T-like,NO,,262.8155363,5.4395577,,,-,,633,ZTF,,,,?,WISEA J173116.20+052625.4,2021-04-10 9:59:41,,ZTF,91t like,,,,
2021ita,20.679,0.154,,ABANDON,spec ia ,NO,,186.4950889,7.235303575,,,-,,640,ZTF,,,,Elliptical,SDSS J122558.81+071407.0,2021-04-03 7:08:01,,UCSC,,,,,
2021jad,15.419,0.0055,cyan-ATLAS,FINISHED,spec ia,YES,36,83.342405,-21.95181813,,,-,99,632,ATLAS,,257.B.a,,Spiral,-,2021-04-11 5:36:58,2021-04-12,ePESSTO+,,,,,
2021jap,20.5412,0.03,g-ZTF,FINISHED,spec ia,NO,6,163.7665753,-8.7458692,,,-,99,634,ZTF,,,,Elliptical,LEDA 999713,2021-04-09 5:33:53,2021-04-14,ZTF,,,,,
2021iuk,19.769,0.08,cyan-ATLAS,FINISHED,spec ia,NO,43,186.4935911,6.740841507,,,-,99,634,ATLAS,,,,Elliptical?,-,2021-04-09 10:27:50,2021-04-14,UCSC,,,,,
2021haz,17.7157,,,YSE,?,NO,36,235.4718119,10.1050809,,,-,,650,ZTF,,531.E.a,,Elliptical,SDSS J154153.12+100620.2,2021-03-24 8:24:12,2021-03-30,?,,,,,
2021dnm,20.113,0.046105,,ABANDONED,spec ia,NO,10,189.3508894,23.09353965,,,0.0460705,,682,ZTF,,575.A.a,,Elliptical,SDSS J123724.03+230539.1,2021-02-20 8:55:51,2021-02-26,ZTF,,,,,
2021jwl,20.3337,0.038,r-ZTF,FINISHED,spec ia,NO,20,233.8927522,5.392282441,,,0.03839,99,630,ZTF,,,,Spiral,WISEA J153534.43+052335.0,2021-04-13 10:29:04,2021-04-17,ePESSTO+,,,,,
2021juw,18.59,0.039,G-Gaia,FINISHED,spec ia,YES,33,296.771708,-20.2032,,,-,99,630,GaiaAlerts,,,,Elliptical,-,2021-04-12 14:58:34,2021-04-17,ePESSTO+,,,,,
2021jvf,18.548,0.0277,,ABANDON,SN Ic,NO,15,310.9930243,-20.67492143,,,-,,627,ATLAS,,,,Spiral,-,2021-04-15 14:28:19,2021-04-17,ePESSTO+,,,,,
2021jva,18.095,,,ABANDON,?,NO,26,317.99525,-21.86744429,,,-,99,627,ATLAS,,,,Elliptical,-,2021-04-15 14:31:12,2021-04-17,?,,,,,
2021jvs,18.9906,0.021,g-ZTF,FINISHED,spec ia,NO,37,224.4366965,6.6243519,,,0.026892,99,627,ZTF,,531.2021jvs.a,,Spiral,UGC 09625,2021-04-16 8:43:58,2021-04-17,ePESSTO+,,,,,
2021jkd,20.2267,0.077,g-ZTF,FINISHED,spec ia,NO,16,232.5318687,-0.565278137,,,0.077222,99,633,ZTF,,428.F.a,,Elliptical,WISEA J153007.52-003359.4,2021-04-10 9:33:39,2021-04-17,YSE,,,,,
2021jtk,20.693,0.054,,ABANDONED,spec ia,NO,53,151.805704,14.773089,,,-,,634,ZTF,,,,?,-,2021-04-09 4:58:34,2021-04-17,ZTF,bad weather missed peak,,,,
2021jys,19.272,0.036,orange-ATLAS,FINISHED,spec ia,NO,23,135.3058235,10.43738805,,,-,99,626,ATLAS,,,,Elliptical,-,2021-04-17 6:37:26,2021-04-20,ZTF,,,,,
2021jze,19.19,0.0471,g-Sloan,FINISHED,spec ia,NO,10,154.972375,-3.7354,,,-,99,627,Pan-STARRS1,,418.A.a,,Elliptical?,-,2021-04-16 6:02:53,2021-04-21,UCSC,,,,,
2021jof,20.2574,0.11,,NON IA YSE,SN Ia-91T-like,NO,33,242.843729,28.87310219,,,0.11066,,630,ZTF,,632.D.a,,Elliptical?,SDSS J161122.81+285219.1,2021-04-13 10:27:03,2021-03-30,YSE,,,,,
2021kmz,17.2,0.019937,,ABANDON,?,NO,57,346.224417,-6.542339,,,-,99,619,GaiaAlerts,,,,Spiral,-,2021-04-24 8:35:31,2021-04-27,?,,,,,
2021dur,20.2794,,,NON IA YSE,?,NO,16,216.0668873,2.867768118,,,-,,679,ZTF,,477.E.a,,Elliptical?,SDSS J142415.90+025202.0,2021-02-23 11:33:44,2021-04-24,?,,,,,
2021jpk,19.2565,0.038,,NON IA YSE,SN Ibn,NO,29,219.7501026,12.66945045,,,0.037978,,630,ZTF,,477.D.a,,Spiral,WISEA J143900.45+124018.5,2021-04-13 6:57:29,2021-04-24,adH0cc,,,,,
2021khn,19.247,0.072,orange-ATLAS,FINISHED,spec ia,NO,5,195.7992455,-6.663225455,,,-,99,624,ATLAS,,,,Elliptical,-,2021-04-19 9:40:19,2021-04-27,TCD,,,,,
2021knh,18.445,0.03,g-ZTF,FINISHED,spec ia,YES,40,137.5359706,-27.62405638,,,-,99,618,ZTF,,,,Elliptical,-,2021-04-25 4:04:12,2021-04-28,?,,,,,
2021ksm,19.077,0.08,,ABANDON,spec ia,NO,7,173.74497,20.63678,,,-,,614,ATLAS,,,,Elliptical?,-,2021-04-29 9:08:38,2021-05-02,?,,,,,
2021kpu,19.048,0.069,orange-ATLAS,FINISHED,spec ia,NO,20,231.09059,22.42031,,,-,99,613,ATLAS,,583.2021kpu.a,,Elliptical,-,2021-04-29 12:33:07,2021-05-02,ZTF,,,,,
2021koq,17.84,0.020538,orange-ATLAS,FINISHED,spec ia,NO,17,274.0042325,6.7517646,,,-,99,618,ATLAS,,,,Elliptical,-,2021-04-25 7:27:56,2021-05-01,?,,,,,
2021koj,18.053,0.014303,,ABANDON,SN II,NO,58,125.392975,-13.3523417,,,-,,615,ATLAS,,415.A.2021koj,,Elliptical,-,2021-04-28 5:57:07,2021-04-28,Global SN Project,,,,,
2021kvp,17,,,ABANDON,?,NO,,99.9698792,-54.6513694,,,0.035111,,611,ASAS-SN,,,,?,WISEA J063952.03-543901.3,2021-05-01 18:57:36,,?,,,,,
2021kom,17.978,0.04505,orange-ATLAS,FINISHED,spec ia,NO,17,156.2094917,3.562125,,,-,99,615,ATLAS,,,,Elliptical?,,2021-04-28 8:51:22,2021-05-05,SCAT,,,,,
2021kly,18.8382,0.04423,r-ZTF,FINISHED,spec ia,NO,54,126.2581417,13.5348083,,,0.04420635,99,619,ZTF,,,,Spiral,SDSS J082501.33+133213.5,2021-04-24 4:11:40,2021-05-05,ZTF,,,,,
2021kut,19.4724,0.0313620009,r-ZTF,FINISHED,spec ia,NO,57,157.8740542,6.2426417,,,0.031362,99,612,ZTF,,468.F.2021jut,,Spiral,2MASX J10312956+0614383,2021-05-01 4:05:46,2021-05-05,ZTF,,,,,
2021law,19.746,0.057679,r-ZTF,FINISHED,spec ia,YES,54,141.0346583,3.9352694,,,0.0576505,99,611,ZTF,,,,Elliptical,SDSS J092408.53+035605.5,2021-05-02 5:00:23,2021-05-05,?,,,,,
2021kre,18.9832,0.07692,g-ZTF,FINISHED,spec ia,NO,6,206.2201375,-7.1171167,,,0.07692,99,613,ZTF,,,,Elliptical,WISEA J134452.28-070706.0,2021-04-30 5:06:45,2021-05-05,?,,,,,
2021kxf,20.1151,,g-ZTF,FINISHED,spec ia,NO,58,204.4481125,1.3292694,,,0.07897077,99,611,ZTF,,,,Spiral?,SDSS J133747.76+011946.8,2021-05-02 6:34:38,2021-05-05,?,,,,,
2021kbj,20.63,0.13,r-Sloan,FINISHED,spec ia,NO,,238.5924249,24.4904165,,,-,99,611,Pan-STARRS1,,632.A,,Elliptical,-,2021-05-02,2021-05-02,YSE,,,,,
2021log,20.0874,0.14,g-ZTF,FINISHED,spec ia,NO,,229.8669292,13.8495111,,,0.141978,99,608,ZTF,,531.D,,Elliptical,WISEA J151928.06+135058.1,2021-05-05 8:58:36,2021-05-05,?,,,,,
2021lnf,18.34,0.038934,r-ZTF,FINISHED,spec ia,YES,37,144.5076958,-16.8587639,,,-,99,609,ZTF,,365.A,,Elliptical i guess,-,2021-05-04 3:59:02,2021-05-08,ZTF,,,,,
2021lat,19.07,0.0338979997,r-ZTF,FINISHED,spec ia,NO,5,220.224125,24.9716583,,,-,99,609,ZTF,,629.A.2021lat,,Elliptical,-,2021-05-04 9:26:39,2021-05-08,ZTF,,,,,
2021low,19.86,0.021958,r-ZTF,FINISHED,spec ia,NO,54,176.1927667,20.1262,,,-,99,607,ZTF,,575.B.a,,Spiral,-,2021-05-06 5:35:31,2021-05-05,Global SN Project,,,,,
2021ltk,,0.013643,,ABANDON,II,NO,14,211.4078958,-39.2007056,,,-,99,592,None,,181.A.2021ltk,,?,-,2021-05-21 0:00:00,2021-05-11,UCSC,,,,,
2021lxb,21.46,0.0259,g-Sloan,FINISHED,spec ia,NO,28,195.4943601,28.00854142,,,-,99,604,Pan-STARRS1,,577.A.21inl_21lxb,,Elliptical,-,2021-05-09 6:33:07,2021-05-11,UCSC,,,,,
2021yrz,20.77,0.068,g-ZTF,FINISHED,spec ia,NO,22,338.9579292,20.0756167,,,-,99,480,ZTF,,-,,Elliptical?,-,2021-09-10 5:11:02,2021-09-16,ZTF,,,,,
2021yzz,19.29,0.0533,g-ZTF,FINISHED,spec ia,NO,53,331.1591875,-20.2386222,,,-,99,477,ZTF,,-,,Elliptical,-,2021-09-13 8:41:14,2021-09-16,none,,,,,
2021yuj,19.277,0.047563,r-ZTF,FINISHED,spec ia,NO,39,298.3817875,-22.7994944,setting,,-,99,477,ZTF,,-,,Spiral ,-,2021-09-13 4:01:55,2021-09-19,ePESSTO+,,,,,
2021yyq,18.121,0.0452,,ABANDON,phot ia,NO,,92.711,-43.8808278,,,,99,"9,999",,,,,,,,,,,,,,
2021ypa,19.99,0.03438,g-ZTF,FINISHED,spec ia,NO,21,68.9090708,-13.2230667,,,-,99,481,ZTF,,-,,Elliptical ,-,2021-09-09 10:35:53,2021-09-16,ePESSTO+,,,,,
2021yry,20.04,0.08,,ABANDON,spec ia,NO,,314.3261208,-15.2536194,missed peak,,,99,"9,999",,,,,,,,,,,,,,
2021ywa,19.51,0.06744,g-ZTF,FINISHED,spec ia,NO,40,57.8525375,-17.3287417,,,-,99,478,ZTF,,-,,Elliptical,-,2021-09-12 11:34:33,2021-09-16,ZTF,,,,,
2021ymn,19.3,0.051,g-ZTF,FINISHED,spec ia,NO,33,77.7731125,-17.9236833,,,-,99,480,ZTF,,-,,Spiral ,-,2021-09-10 11:04:58,2021-09-16,ePESSTO+,,,,,
2021ywf,20.03,0.02825,,ABANDON,Ibc,NO,,78.5457833,1.8811944,abandoned,,,99,"9,999",,,,,,,,,,,,,,
2021ysa,19.258,0.0658,,ABANDON,spec ia,NO,,49.603425,-41.6867528,missed peak,,,99,"9,999",,,,,,,,,,,,,,
2021zax,19.3286,0.04,r-ZTF,FINISHED,spec ia,NO,30,334.2772083,13.3664361,setting,,0.08806,99,474,ZTF,,-,,Elliptical,ARK 556,2021-09-16 10:04:38,2021-09-22,ZTF,,,,,
2021zfs,16.195,0.019623,orange-ATLAS,FINISHED,spec ia,NO,19,323.1242917,5.3463,,,-,99,469,ATLAS,,-,,Elliptical,-,2021-09-21 9:20:10,2021-09-22,None,,,,,
2021zet,18.18,0.032,,ABANDON,phot ia,NO,,26.3468792,-42.7002806,not a ia!!!,,,99,"9,999",,,,,,,,,,,,,,
2021zdx,19.12,0.0715,w-P1,FINISHED,spec ia,NO,30,46.7690667,-15.4262806,,,-,99,471,Pan-STARRS1,,-,,Elliptical??,-,2021-09-18 13:56:38,2021-09-23,ZTF,,,,,
2021zgf,17.518,0.054,orange-ATLAS,FINISHED,spec ia,NO,5,26.3468792,-42.7002806,,,-,99,468,ATLAS,,-,,Elliptical,-,2021-09-22 10:58:05,2021-09-23,ePESSTO+,,,,,
2021zfr,19.57,0.032,r-ZTF,FINISHED,spec ia,NO,15,45.131475,-14.9557111,,,-,99,470,ZTF,,-,,Spiral?,-,2021-09-20 9:36:00,2021-09-28,ZTF,,,,,
2021zzu,19.75,0.037,,ABANDON,phot ia,NO,,325.7726625,-17.5440611,just get color,,,99,"9,999",,,,,,,,,,,,,,
2021zqo,18.51,0.067,r-ZTF,FINISHED,spec ia,NO,42,44.775275,-18.671425,,,-,99,463,ZTF,,-,,Elliptical,-,2021-09-27 8:02:24,2021-10-01,ZTF,,,,,
2021zxf,19.73,,,ABANDON,phot ia,NO,,999,999,,,,99,"9,999",,,,,,,,,,,,,,
2021zwc,19.8839,,,ABANDON,phot ia,NO,,999,999,,,,99,"9,999",,,,,,,,,,,,,,
2021zxd,19.65,,,ABANDON,phot ia,NO,,999,999,,,,99,"9,999",,,,,,,,,,,,,,
2021zsz,18.59,0.035746,orange-ATLAS,FINISHED,spec ia,NO,34,92.6387958,-14.5388917,,,-,99,462,ATLAS,,-,,Elliptical,-,2021-09-27 14:39:50,2021-10-01,ePESSTO+	,,,,,
2021aabw,18.572,0.032,orange-ATLAS,FINISHED,spec ia,NO,8,82.409425,-23.9926389,,,-,99,459,ATLAS,,-,,Spiral,-,2021-09-30 12:57:36,2021-10-04,ePESSTO+	,,,,,
2021aaga,17.387,0.04,orange-ATLAS,FINISHED,spec ia,NO,19,84.953725,-40.9772083,,,-,99,459,ATLAS,,-,,?,-,2021-09-30 13:50:53,2021-10-04,ePESSTO+	,,,,,
2021aafz,18.492,0.07,orange-ATLAS,FINISHED,spec ia,NO,36,31.0776667,-44.7529778,,,-,99,460,ATLAS,,-,,Spiral?,-,2021-09-30 9:54:43,2021-10-04,ePESSTO+	,,,,,
2021aaic,19.1252,0.058,,ABANDON,spec ia,NO,,48.2128208,-13.7018556,didnt catch,,,99,"9,999",,,,,,,,,,,,,,
2021aare,19.24,0.0404,,ABANDON,91bg,NO,,90.9168,-26.6632389,,,,99,"9,999",,,,,,,,,,,,,,
2021aatq,19.028,0.06,orange-ATLAS,FINISHED,spec ia,NO,1,114.1306625,-1.5881806,,,-,99,452,ATLAS,,-,,Spiral,-,2021-10-07 14:05:17,2021-10-10,ePESSTO+	,,,,,
2021aazj,19.89,0.062,r-ZTF,FINISHED,spec ia,NO,19,74.1835958,-16.6487833,,,-,99,458,ZTF,,-,,Elliptical,-,2021-10-02 10:30:43,2021-10-10,ZTF,,,,,
2021abds,21.71,0.07,w-P1,FINISHED,spec ia,NO,3,356.7795,-15.5336944,,,-,99,457,"Pan-STARRS1",,-,,Elliptical?,-,2021-10-03 7:04:48,2021-10-13,ePESSTO+	,,,,,
2021abcl,19.0749,,,ABANDON,phot ia,NO,,339.5715458,-21.1383833,caught at moon,,,99,"9,999",,,,,,,,,,,,,,
2021aaqb,18.531,0.04,,ABANDON,spec ia,NO,,1.6583875,-34.9042194,caught at moon,,,99,"9,999",,,,,,,,,,,,,,
2021aazk,18.94,0.065,,ABANDON,spec ia,NO,,359.4546375,-9.7203667,CAUGHT AT MOON,,,99,"9,999",,,,,,,,,,,,,,
2021abko,16.9,0.015908,g-Sloan,FINISHED,spec ia,NO,20,30.5301625,23.5501722,,,0.015908,99,445,"ASAS-SN",,-,,Elliptical,"IC 0190",2021-10-14 12:28:48,2021-10-16,ePESSTO+	,,,,,
2021abmp,18.279,0.023259,orange-ATLAS,FINISHED,spec ia,NO,9,11.1765208,-38.1838472,,,-,99,445,ATLAS,,-,,Spiral?,-,2021-10-15 7:35:02,2021-10-17,SCAT,,,,,
2021abiu,18.9464,0.054,g-ZTF,FINISHED,spec ia,NO,60,119.1854292,-2.9945333,,,0.053934,99,447,ZTF,,-,,Elliptical,WISEA J075644.15-025937.5,2021-10-13 11:30:16,2021-10-16,ePESSTO+	,,,,,
2021ablx,18.573,0.0325,,ABANDON,phot ia,NO,,73.8193771,-22.3110258,,,,99,"9,999",,,,,,,,,,,,,,
2021abuz,19.31,0.06499,,ABANDON,spec ia,NO,,63.0622917,-26.1426583,perhaps 91T,,,99,"9,999",,,,,,,,,,,,,,
2021abva,19.56,,,ABANDON,nonia,NO,,68.309675,-31.9856139,FBT,,,99,"9,999",,,,,,,,,,,,,,
2021abxh,18.008,0.05504,,ABANDON,spec ia,NO,,141.6558,-21.4029278,bad weather missed,,,99,"9,999",,,,,,,,,,,,,,
2021abze,16.632,0.0148,,ABANDON,phot ia,NO,,10.8844083,14.3429111,missed peak,,,99,"9,999",,,,,,,,,,,,,,
2021abzo,19.4648,0.0675,,ABANDON,spec ia,NO,,72.460825,0.5669444,missed peak,,,99,"9,999",,,,,,,,,,,,,,
2021aceo,18.566,0.048,orange-ATLAS,FINISHED,spec ia,NO,7,136.3544458,-7.8145278,,,-,99,434,ATLAS,,-,,Spiral,-,2021-10-25 14:39:50,2021-10-31,ePESSTO+	,,,,,
2021abam,19.3978,0.049,g-ZTF,FINISHED,spec ia,NO,,17.05106602,-19.78996421,THIS IS IN YSE FIELD,,-,99,450,ZTF,,,,Elliptical,WISEA J010812.21-194723.2,2021-10-10 8:31:37,,None,,,,,
2021achy,20.12,0.08,w-P1,FINISHED,SN II,NO,,329.8673453,2.643973041,THIS IS IN YSE FIELD,,-,99,433,Pan-STARRS1,,,,Elliptical,-,2021-10-27 5:02:24,,UCSC	,,,,,
2021acfj,20.3,0.054,,ABANDON,phot ia,NO,,36.3443391,-7.8408442,just get color,,,99,"9,999",,,,,,,,,,,,,,
2021acnx,18.762,0.029,orange-ATLAS,FINISHED,spec ia,NO,36,70.57395,6.8758417,bright star nearby. reduce exposure time.,,-,99,433,ATLAS,,-,,Elliptical?,-,2021-10-27 11:13:55,2021-10-3,ZTF,,,,,
2021aclv,17.28,0.018279,g-ZTF,FINISHED,spec ia,NO,29,14.4807125,-5.1317389,16th mag,,-,99,430,ZTF,,-,,SPIRAL,-,2021-10-30 5:08:10,2021-10-31,ZTF,,,,,
2021acgk,19.67,0.076,,ABANDON,spec ia,NO,,4.8397708,15.2829833,setting missed,,,99,"9,999",,,,,,,,,,,,,,
2021acnn,18.13,0.043,,ABANDON,spec ia,NO,,100.9431458,21.3862528,pretty far north. missed,,,99,"9,999",,,,,,,,,,,,,,
2021addd,18.8075,0.037396,r-ZTF,FINISHED,spec ia ,NO,54,48.742625,4.9075111,elliptical,,0.037396,99,426,ZTF,,-,,Elliptical,WISEA J031458.34+045428.2,2021-11-03 6:48:00,2021-11-03,ZTF,,,,,
2021acxb,20.77,0.0641,w-P1,FINISHED,spec ia,NO,26,49.9027958,-27.4940333,elliptical,,-,99,430,"Pan-STARRS1",,-,,Elliptical,-,2021-10-30 10:46:34,2021-11-03,DEbass,,,,,
2021acwr,19.77,0.103,,ABANDON,spec ia,NO,45,13.4399,1.9556556,elliptical,,-,99,430,Pan-STARRS1,,-,,Elliptical,-,2021-10-30 7:00:29,2021-11-03,ZTF,,,,,
2021adlv,19.17,0.033,r-ZTF,FINISHED,Spec ia ,NO,22,127.7659917,-4.1942167,elliptical,,-,99,424,ZTF,,,,Elliptical,-,2021-11-05 11:35:53,2021-11-09,UCSC,,,,,
2021adlz,17.51,0.029,r-ZTF,FINISHED,spec ia,NO,7,157.5367,12.0613944,,,-,99,426,ZTF,,,,Elliptical?,-,2021-11-03 11:28:19,2021-11-06,ZTF,,,,,
2021acnt,17.358,0.008,orange-ATLAS,FINISHED,spec ia,NO,4,145.4285,-28.2024889,z=.008,,-,99,433,ATLAS,,,,Elliptical,-,2021-10-26 14:52:48,2021-11-06,ePESSTO+	,,,,,
2021adov,19.59,,,ABANDON,phot ia,NO,,15.9667958,-1.7150667,elliptical,,-,99,425,ZTF,,,,Elliptical,-,2021-11-04 6:20:10,,?,,,,,
2021adlt,18.782,0.021,cyan-ATLAS,FINISHED,spec ia,NO,38,69.7994958,6.3734389,,,-,99,425,ATLAS,,-,,Elliptical,-,2021-11-04 11:34:05,2021-11-09,ePESSTO+,,,,,
2021adga,20.08,0.052,,ABANDON,spec ia,NO,,11.9148958,-5.7386111,caught at moon,,,99,"9,999",,,,,,,,,,,,,,
2021aefx,17.2488,0.005,Clear-,FINISHED,spec ia,NO,35,64.9721667,-54.9479444,z=0.005,,-,99,417,DLT40,,,,Spiral,NGC1566,2021-11-11 12:30:44,2021-11-13,Global SN Project,,,,,
2021adoz,20.53,0.056,g-ZTF,FINISHED,spec ia,NO,10,125.4689042,8.0814861,get on 13th,,-,99,425,ZTF,,,,Elliptical,-,2021-11-04 10:42:14,2021-11-13,None,,,,,
2021aden,20.4052,0.084,,ABANDON,spec ia,NO,,3.9248667,12.8116111,first half,,,99,"9,999",,,,,,,,,,,,,,
2021aess,19.8345,0.007,,ABANDON,phot ia,NO,,53.450525,-19.4957306,interesting. possibly faint,,-,99,415,ZTF,,,,Spiral?,-,2021-11-14 6:33:55,,,,,,,
2021aemv,19.54,,,ABANDON,phot ia,NO,49,113.5307708,19.2479722,just get color,,-,99,416,ZTF,,,,Spiral,-,2021-11-13 9:07:12,2021-11-15,,,,,,
2021adug,21.29,0.0735,w-P1,FINISHED,spec ia,NO,51,13.5491042,-14.9698444,barely caught,,-,99,423,Pan-STARRS1,,,,Elliptical,-,2021-11-06 6:14:24,2021-11-16,DEbass,,,,,
2021aeca,19.0776,0.052,g-ZTF,FINISHED,spec ia,NO,50,124.6304333,-14.7222833,barely caught (-1.7)?,,0.048137,99,420,ZTF,,,,Elliptical,WISEA J081831.26-144319.0,2021-11-09 11:32:48,2021-11-16,ZTF,,,,,
2021ackd,20.76,0.049658,,ABANDON,spec ia,NO,,21.3857333,8.6186944,first half,,,99,"9,999",,,,,,,,,,,,,,
2021aexy,18.41,0.039,g-ZTF,FINISHED,spec ia,NO,4,48.9743625,-23.0448222,-1.8,,-,99,410,ZTF,,,,Spiral?,-,2021-11-19 6:33:07,2021-11-27,ePESSTO+,,,,,
2021afeb,19.9,0.0553,i-Sloan,FINISHED,spec ia,NO,21,15.068499,-15.2983343,,,-,99,407,Pan-STARRS1,,,,Elliptical,-,2021-11-22 6:02:53,2021-11-27,UCSC,,,,,
2021afue,18.85,0.04223,r-ZTF,FINISHED,spec ia,NO,41,154.4560625,-7.4067611,,,-,99,397,ZTF,,,,Elliptical,-,2021-12-02 9:36:00,2021-12-03,ZTF,,,,,
2021agbv,18.315,0.052,orange-ATLAS,FINISHED,spec ia,NO,22,29.167725,-14.130075,,,-,99,396,ATLAS,,,,Spiral?,-,2021-12-03 7:43:41,2021-12-06,ATLAS,,,,,
2021agep,17.6,0.02,g-Sloan,FINISHED,spec ia,NO,,39.7933917,1.1433528,,,0.020522,99,"9,999",ASAS-SN,,,,Elliptical?,WISEA J023910.60+010836.1,,2021-12-09 5:16:48,ASAS-SN,,,,,
2021agey,17.399,0.024,,ABANDON,spec ia,NO,51,24.5886667,-15.8131722,missed,,-,99,388,ATLAS,,,,Elliptical,-,2021-12-11 7:00:29,2021-12-15,ePESSTO+,,,,,
2021aghx,18.01,0.017722,,ABANDON,ib,NO,,330.465625,-22.4887389,,,-,99,385,GaiaAlerts,,,,Spiral,-,2021-12-14 8:49:55,,ZTF,,,,,
2021aghw,17.78,0.0415,,ABANDON,-,NO,53,70.1809167,-36.6847389,missed peak,,-,99,385,GaiaAlerts,,,,Elliptical,-,2021-12-14 7:33:36,2021-12-15,DEbass	,,,,,
2021aggc,17.53,0.034782,,FINISHED,phot ia,NO,,50.4161083,-6.636325,,,-,99,387,ATLAS,,,,Spiral,-,2021-12-12 7:40:48,,,,,,,
2021aggs,18.566,,,ABANDON,phot ia,NO,51,175.7062833,18.8879722,,,-,99,385,ATLAS,,,,Spiral,-,2021-12-13 14:36:58,2021-12-15,,,,,,
2021aggu,17.187,0.029,orange-ATLAS,FINISHED,spec ia,NO,,136.88,18.4360306,SHARED WITH YSE,,-,99,385,ATLAS,,YSE21aggu,,Spiral,-,2021-12-13 12:40:19,,TMTS,,,,,
2021agfq,18.619,0.039,,FINISHED,SN II,NO,47,164.7807583,1.8894889,SHARED WITH YSE,,-,99,386,ATLAS,,YSE21agfq,,Elliptical?,-,2021-12-12 14:22:34,2021-12-18,,,,,,
2021agjd,17.537,0.044,orange-ATLAS,FINISHED,spec ia,NO,20,11.8689958,14.7528639,hit elevation limit,,-,99,382,ATLAS,,,,Elliptical?,-,2021-12-17 5:55:41,2021-12-18,ZTF,,,,,
2021agle,17.152,0.017,,ABANDON,SN II,NO,,30.5450083,-28.6473,,,-,99,378,ATLAS,,,,Spiral,-,2021-12-21 8:54:14,,,,,,,
2021aglf,17.983,0.048,orange-ATLAS,FINISHED,spec ia,NO,16,22.5680375,20.6004056,,,-,99,378,ATLAS,,,,Elliptical,-,2021-12-21 9:25:55,2021-12-21,,,,,,
2021aglk,17.274,0.037,orange-ATLAS,FINISHED,spec ia ,NO,6,98.2307917,-36.0344306,,,-,99,377,ATLAS,,,,,-,2021-12-21 12:12:58,2021-12-22,None,,,,,
2022qi,19.03,0.021,,ABANDON,SN II,DONTGET,,97.94959057,-17.62162187,,,,99,"9,999",,,,,,,,,,,,,,
2022hrs,15,0.0047,Clear-,FINISHED,spec ia,NO,11,190.8930625,11.5766306,14th mag,,,99,261,ZTF,,,,Spiral,NGC4647,2022-04-16 14:50:40,2022-04-20,ZTF,,,,,
2022hqs,19.4337,0.026,r-ZTF,FINISHED,spec ia,NO,33,165.4670625,-12.4880444,,,0.026031,99,267,ZTF,,,,Elliptical,MCG -02-28-040,2022-04-11 6:00:19,2022-04-20,ZTF,,,,,
2022hss,18.215,,orange-ATLAS,ABANDON,phot ia,NO,25,186.4099785,7.1925114,,,,99,260,ATLAS,,,,Elliptical,,2022-04-18 5:04:57,2022-04-20,Pan-STARRS	,,,,,
2022hql,18.541,0.023,,ABANDON,SN II,NO,54,207.0258792,12.0749639,,,,99,"9,999",,,,,,,,2022-04-21,,,,,,
2022huw,0.044607,18.32,g-ZTF,FINISHED,spec ia,NO,10,149.1949458,11.90865,,,,99,259,ZTF,,,,Spiral?,,2022-04-19 6:10:05,2022-04-23,,,,,,
2022ihc,18.658,,orange-ATLAS,ABANDON,phot ia,NO,,147.6171,-21.8068,,,,99,253,ATLAS,,,,,,2022-04-25 2:01:06,,ZTF,,,,,
2022iea,18.875,0.0426,orange-ATLAS,ABANDON,phot ia,NO,,205.40633,14.29357,,,,99,255,ATLAS,,,,Elliptical,,2022-04-23 8:31:40,,ZTF,,,,,
2022idx,18.672,0.0141,cyan-ATLAS,ABANDON,91T,NO,,193.30072,-6.38518,low priority,,,99,255,ATLAS,,,,spiral ,,2022-04-23 9:54:27,,ZTF,,,,,
2022ikc,19.62,0.0343,r-ZTF,ABANDON,SN II,NO,,220.0350833,0.9069694,elliptical,,,99,254,ZTF,,,,Elliptical,,2022-04-24 7:33:36,,ATLAS,,,,,
2022iem,18.852,,orange-ATLAS,FINISHED,spec ia,NO,50,262.7129792,5.866225,,,,99,254,ATLAS,,,,Elliptical?,,2022-04-23 12:42:55,2022-06-07,ZTF,,,,,
2022iwt,16.825,0.012,orange-ATLAS,ABANDON,SN II,NO,,351.65554,-81.90785,z=0.012 GET SPEC!,,,99,"9,999",,,,,,,,,,,,,,
2022irq,19.51,,,ABANDON,phot ia,NO,,171.316125,-2.0777139,missed,,,99,"9,999",,,,,,,,,,,,,,
2022isb,20.91,0.077198,,ABANDON,spec ia,NO,,227.6094263,6.006556806,too late,,,99,"9,999",,,,,,,,,,,,,,
2022ied,19.456,0.051,,ABANDON,spec ia,NO,,194.9053643,5.61465525,too late,,,99,"9,999",,,,,,,,,,,,,,
2022itd,19.6572,0.06,g-ZTF,FINISHED,spec ia,NO,18,273.9674167,12.0377472,elliptical ,,,99,250,ZTF,,,,Elliptical,SDSS J181552.02+120216.5,2022-04-28 11:04:18,2022-05-02,,,,,,
2022jkx,18.819,0.022,,ABANDON,phot ia,NO,,205.0812333,-23.8543306,big galaxy,,,99,"9,999",,,,,,,,,,,,,,
2022jkn,20.7262,,g-ZTF,ABANDON,phot ia,NO,45,156.70105,16.9176472,early green,,,99,248,ZTF,,,,Elliptical,SDSS J102648.41+165511.1,2022-04-30 5:07:49,2022-05-05,ALeRCE,,,,,
2022jmn,16.2,,g-Sloan,ABANDON,phot ia,NO,,20.7676708,-43.9146889,elliptical ,,0.022185,99,241,ASAS-SN,,,,,ESO 244- G 024,2022-05-07 10:04:48,,ASAS-SN	,,,,,
2022jmr,18.464,0.04,orange-ATLAS,FINISHED,spec ia,NO,41,315.0588917,-24.1144667,,,,99,241,ATLAS,,,,Elliptical,,2022-05-07 9:04:15,2022-06-20,ATLAS,,,,,
2022jsb,19.46,,"r-ZTF
",ABANDON,phot ia,NO,,204.672075,9.0632944,caught at moon,,,99,"9,999",,,,,,,,,,,,,,
2022joe,19.82,,,ABANDON,phot ia,NO,,217.3360833,-22.9360806,nearby big galaxy,,,99,"9,999",,,,,,,,,,,,,,
2022jpq,16.34,,,ABANDON,phot ia,NO,,209.477875,-29.3131111,16mag. spiral,,,99,"9,999",,,,,,,,,,,,,,
2022jqr,19.24,0.094,,ABANDON,spec ia,NO,,313.1799208,-7.2523278,too high z,,,99,"9,999",,,,,,,,,,,,,,
2022jpy,18.6496,,,ABANDON,phot ia,NO,,154.7396667,-13.1872389,just get color,,,99,"9,999",,,,,,,,,,,,,,
2022jpx,17.3509,0.015,,ABANDON,phot ia,NO,,152.5416625,-11.0805556,just get color,,,99,"9,999",,,,,,,,,,,,,,
2022jli,14.4,0.006,,ABANDON,phot ia,NO,,8.6883333,-8.3902778,,,,99,"9,999",,,,,,,,,,,,,,
2022jxa,18.78,,,ABANDON,phot ia,NO,,132.7919083,18.800375,setting,,,99,"9,999",,,,,,,,,,,,,,
2022juw,18.59,0.028,,ABANDON,II,NO,,127.6311,18.2038389,setting,,,99,"9,999",,,,,,,,,,,,,,
2022jnh,19.2147,0.04,,ABANDON,IIP,NO,,242.9028833,4.882425,,,0.04,99,"9,999",,,,,,,,,,,,,,
2022jnr,19.6477,0.035,r-ZTF,FINISHED,spec ia,NO,51,225.664475,17.2398,,,,99,240,ZTF,,,,Elliptical,,2022-05-08 7:29:17,2022-05-14,ZTF,,,,,
2022jqg,19.3451,0.0377959982,,ABANDON,spec ia,NO,,234.7707375,21.7075222,bad obs,,,99,"9,999",,,,,,,,,,,,,,
2022jru,19.3,,,ABANDON,phot ia,NO,,216.6171583,11.1747972,"close to briht star, not clearly rising",,,99,"9,999",,,,,,,,,,,,,,
2022jut,18.9971,0.034129,g-ZTF,FINISHED,spec ia,NO,57,241.4584542,17.4798278,,,,99,237,ZTF,,,,Elliptical,,2022-05-11 7:15:24,2022-05-17,Pan-STARRS	,,,,,
2022jzx,16.888,0.017,,YES,II,NO,,15.5410708,-4.23515,17thmag https://star.pst.qub.ac.uk/sne/atlas4/candidate/1010210010041405500/,,,99,"9,999",,,,,,,,,,,,,,
2022jzy,,0.006,,YES,Ic,NO,,8.690375,-8.386675,14th mag https://star.pst.qub.ac.uk/sne/atlas4/candidate/1003445540082309300/,,0.006,99,"9,999",,,,,,,,,,,,,,
2022kad,17.861,0.01991,,ABANDON,II,NO,,224.6805042,11.6308111,"early, just get color",,0.01991,99,"9,999",,,,,,,,,,,,,,
2022jzb,19.24,0.045291,r-ZTF,FINISHED,spec ia,NO,36,184.09655,-18.5541972,elliptical,,,99,234,ZTF,,,,Elliptical,,2022-05-14 5:32:38,2022-05-17,ZTF,,,,,
2022kcc,19.79,0.0633,r-ZTF,ABANDON,phot ia,NO,12,173.2481667,-5.2344111,elliptical,,,99,239,ZTF,,,,Elliptical,,2022-05-09 4:59:31,2022-05-02,ATLAS,,,,,
2022kck,19.78,0.046999,g-ZTF,FINISHED,spec ia,NO,13,188.2814292,-14.490175,just get color,,,99,232,ZTF,,,,Elliptical,,2022-05-16 5:32:38,2022-05-20,ePESSTO+	,,,,,
2022kap,19.86,0.076,,ABANDON,spec ia,NO,,173.3484,12.8099972,missed,,,99,"9,999",,,,,,,,,,,,,,
2022kft,19.3965,0.046,r-ZTF,FINISHED,spec ia,NO,30,174.369025,-10.8982722,just get color,,,99,228,ZTF,,,,Elliptical ,WISEA J113728.45-105352.3,2022-05-20 4:11:40,2022-05-23,ZTF,,,,,
2022kkg,18.5797,0.04144,r-ZTF,FINISHED,spec ia,NO,58,305.8165625,20.2161,elliptical,,,99,226,ZTF,,,,Elliptical ,WISEA J202316.49+201301.4,2022-05-22 10:21:12,2022-05-23,ePESSTO+	,,,,,
2022kkf,19.1095,,,ABANDON,phot ia,NO,,287.7956417,-24.3974194,missed peak,,,99,"9,999",,,,,,,,,,,,,,
2022kjq,19.73,0.071483,,ABANDON,phot ia,NO,,224.8946,-23.1819583,missed,,,99,"9,999",,,,,,,,,,,,,,
2022kur,18.909,0.037783,,ABANDON,phot ia,NO,,231.6550333,-37.3694389,,,,99,"9,999",,,,,,,,,,,,,,
2022kpy,18.9216,0.056195,,ABANDON,spec ia,NO,,9.1345042,19.3985028,peaked???,,,99,"9,999",,,,,,,,,,,,,,
2022kmp,19.091,0.059003,,ABANDON,spec ia,NO,,177.6020208,22.7136861,caught at moon,,,99,"9,999",,,,,,,,,,,,,,
2022kjl,18.36,0.031465,,FINISHED,spec ia,NO,59,210.5093708,-16.540525,,,,99,226,Pan-STARRS,,,,Elliptical ,,2022-05-22 8:29:34,2022-05-26,SCAT	,,,,,
2022lax,20,0.058,,FINISHED,spec ia,NO,27,216.2111917,-8.7529444,,,,99,223,ZTF,,,,Elliptical ,,2022-05-25 8:09:36,2022-05-29,Global SN Project,,,,,
2022knm,17.88,0.04,,ABANDON,spec ia,NO,,201.2681167,-24.6568889,only -1 days and north,,,99,"9,999",,,,,,,,,,,,,,
2022lex,18.776,0.08,,ABANDON,spec ia,NO,,341.5625781,-7.957060625,Missed peak,,,99,"9,999",,,,,,,,,,,,,,
2022lco,18.85,0.07,,ABANDON,spec ia,NO,,303.6008479,-12.54597916,missed peak,,,99,"9,999",,,,,,,,,,,,,,
2022lkt,18.7984,0.077,g-ZTF,ABANDON,spec ia,NO,14,208.9466542,4.1633333,bad luck,,0.079504,99,217,ZTF,,,,Elliptical ,WISEA J135547.09+040948.3,2022-05-31 7:10:20,2022-06-07,ZTF,,,,,
2022mhe,17.994,0.02874,cyan-ATLAS,FINISHED,spec ia,NO,34,352.0268208,8.7624667,,,,99,209,ATLAS,,,,Elliptical ,,2022-06-07 13:45:15,2022-07-03,SCAT	,,,,,
2022mcs,20.57,0.070083,g-ZTF,ABANDON,phot ia,NO,,257.8404792,14.5735222,just get color,,,99,213,ZTF,,,,Elliptical ,,2022-06-04 7:36:29,,,,,,,
2022mit,17.68,0.03,w-P1,ABANDON,phot ia,NO,,314.7308333,-27.4200722,just get color,,,99,208,Pan-STARRS,,,,Elliptical ?,,2022-06-08 13:39:07,,,,,,,
2022mma,19.431,0.044,,YES,SN IIn,NO,,219.7562792,15.9866167,just get color,,,99,"9,999",,,,,,,,,,,,,,
2022moc,18.55,0.049,orange-ATLAS,ABANDON,spec ia,NO,,356.4331792,-24.5538,missed peak,,,99,206,ATLAS,,,,Elliptical ?,,2022-06-11 8:54:16,,,,,,,
2022mop,20.45,,w-P1,ABANDON,phot ia,NO,,352.7133792,-2.942725,just get color,,,99,205,Pan-STARRS,,,,Elliptical ,,2022-06-11 13:59:06,,,,,,,
2022mvc,18.26,0.035027,orange-ATLAS,ABANDON,spec ia,NO,,232.5523542,7.7653417,bad weather,,,99,201,ATLAS,,,,Elliptical ,,2022-06-16 9:53:02,,,,,,,
2022mvb,18.428,0.02958,orange-ATLAS,FINISHED,spec ia,NO,24,240.5391042,-6.4345278,,,,99,201,ATLAS,,,,Elliptical ,,2022-06-16 10:01:00,2022-06-18,,,,,,
2022mxv,18.249,0.014,,ABANDON,II,NO,,357.7712292,20.1525861,just get color,,,99,"9,999",,,,,,,,,,,,,,
2022mjk,18.5,0.018,,ABANDON,phot ia,NO,,21.4223375,1.7614389,nearby elliptical,,,99,"9,999",,,,,,,,,,,,,,
2022myp,17.527,0.02633,orange-ATLAS,FINISHED,spec ia,NO,40,205.4382875,-25.7934472,elliptical. -7days on Jun19,,,99,198,ATLAS,,,,Elliptical ,,2022-06-19 1:21:15,2022-07-03,,,,,,
2022nag,18.748,0.020954,g-ZTF,FINISHED,spec ia,NO,57,271.2527167,9.4799583,,,0.020954,99,200,ZTF,,,,Elliptical ,CGCG 084-015,2022-06-17 7:54:04,2022-06-20,,,,,,
2022mzz,18.712,0.052374,r-ZTF,ABANDON,spec ia,NO,,206.8317042,21.8329972,missed peak,,0.05237393,99,200,ZTF,,,,Spiral,SDSS J134719.26+215001.7,2022-06-17 5:08:54,,,,,,,
2022nah,17.81,0.021435,,ABANDON,phot ia,NO,,11.7371125,-21.8471222,just get color,,,99,"9,999",,,,,,,,,,,,,,
2022mya,18.8674,0.030431,SN Ib,ABANDON,Ib,NO,,260.2835583,16.0590528,just get color,,,99,"9,999",,,,,,,,,,,,,,
2022nbm,19.4508,0.057912,g-ZTF,FINISHED,spec ia,NO,8,335.1092333,5.9918028,just get color,,,99,199,ZTF,,,,Elliptical,WISEA J222026.16+055930.4,2022-06-18 9:37:44,2022-06-20,ZTF,,,,,
2022nbi,18.17,0.030179,,ABANDON,spec ia,NO,,322.3029583,0.6209194,weathered out,,,99,"9,999",,,,,,,,,,,,,,
2022ngd,18.624,0.04,orange-ATLAS,ABANDON,spec ia,NO,,16.9383375,14.4222889,,,,99,195,ATLAS,,,,??,,2022-06-21 13:52:36,,SCAT,,,,,
2022ncc,19.32,0.055,,ABANDON,SN II,NO,,211.4136167,20.6411917,SN,,,99,"9,999",,,,,,,,,,,,,,
2022niw,19.69,0.032872,g-ZTF,ABANDON,phot ia,NO,,239.3199792,19.4744944,just get color,,0.032872,99,194,ZTF,,,,Elliptical?,WISEA J155716.50+192818.5,2022-06-23 6:42:00,,ATLAS,,,,,
2022nim,20.3653,0.042,g-ZTF,FINISHED,spec ia,NO,52,299.111275,-16.3695694,,,,99,196,ZTF,,,,Elliptical?,WISEA J195626.19-162214.8,2022-06-21 10:34:49,2022-07-03,ZTF,,,,,
2022nrk,20.2834,0.039681,g-ZTF,FINISHED,spec ia,NO,22,346.9560208,8.4905861,,,,99,190,ZTF,,,,Elliptical,,2022-06-27 9:22:37,2022-07-03,ZTF,,,,,
2022ocl,20.2929,0.07395,g-ZTF,ABANDON,phot ia,NO,20,199.9484583,0.3042111,elliptical,,0.07395035,99,189,ZTF,,,,Elliptical,SDSS J131947.42+001812.9,2022-06-28 5:10:32,2022-07-04,ALeRCE	,,,,,
2022oao,18.827,0.0497,orange-ATLAS,ABANDON,spec ia,NO,,198.66435,21.6540222,-8days,,,99,187,ATLAS,,,,Spiral?,,2022-06-30 7:48:16,,UCSC	,,,,,
2022ofp,20.5229,0.07,g-ZTF,ABANDON,photia,NO,,341.0140292,10.3030944,get color,,,99,186,ZTF,,,,Elliptical?,,2022-07-01 10:14:13,,?,,,,,
2022ogt,18.556,0.021415,orange-ATLAS,ABANDON,phot ia,NO,,201.7541542,-11.8879972,get color/elliptical,,,99,182,ATLAS,,,,Elliptical?,,2022-07-04 18:12:08,,?,,,,,
2022ogu,17.839,0.020704,cyan-ATLAS,ABANDON,spec ia ,NO,,301.1404792,-39.1190944,get color. 16th mag. ,,,99,184,ATLAS,,,,?,,2022-07-03 4:35:29,,SCAT	,,,,,
2022ooq,17.738,0.05164,,ABANDON,spec ia,NO,,15.8920917,-0.3551083,-2 days?,,,99,"9,999",,,,,,,,,,,,,,
2022oru,18.7564,0.035368,,ABANDON,spec ia ,NO,,337.5567167,-10.5053417,just get color,,,99,"9,999",,,,,,,,,,,,,,
2022osg,18.5036,0.01858,,ABANDON,spec ia ,NO,,307.4542875,-2.0280972,just get color,,,99,"9,999",,,,,,,,,,,,,,
2022pmq,,,,ABANDON,phot ia,NO,,236.8650583,-19.6785944,,,,99,"9,999",,,,,,,,,,,,,,
2022pdq,18.6983,0.034304,g-ZTF,FINISHED,spec ia,NO,,355.4707583,-8.6464194,,,0.034304,99,167,ZTF,,,,Spiral?,MCG -02-60-012,2022-07-20 10:06:32,2022-09-06,SCAT,,,,,
2022pag,,0.032,,ABANDON,spec ia,NO,,325.1713542,-7.5150167,missed peak,,,99,"9,999",,,,,,,,,,,,,,
2022ppj,20.7447,0.036827,r-ZTF,FINISHED,spec ia,NO,,12.3490167,19.9964806,,,,99,163,ZTF,,,,Elliptical,SDSS J004923.71+195939.1,2022-07-24 10:53:06,2022-09-08,ZTF,,,,,
2022pux,,,,ABANDON,II,NO,,320.2827,23.0829167,elliptical,,,99,"9,999",,,,,,,,,,,,,,
2022qku,19.01,0.025,w-P1,FINISHED,spec ia,NO,,321.7322958,-7.0169472,,,,99,154,Pan-STARRS,,,,Spiral,,2022-08-02 10:15:56,2022-09-12,SCAT,,,,,
2022qbp,19.21,0.05,r-ZTF,FINISHED,spec ia,NO,54,305.6199625,-14.7090861,,,,99,158,ZTF,,,,Elliptical,,2022-07-29 8:05:17,2022-09-12,SCAT,,,,,
2022qpp,19.689,0.013,cyan-ATLAS,FINISHED,spec ia,NO,46,291.9650125,-35.0448028,caught -2weeks,,,99,151,ATLAS,,,,?,,2022-08-04 22:45:46,2022-09-12,None,,,,,
2022qoa,20.38,0.061019,r-ZTF,FINISHED,spec ia,NO,57,334.3922958,-3.5554333,,,,99,158,ZTF,,,,Elliptical,,2022-07-29 8:23:59,2022-09-13,ZTF,,,,,
2022quf,,0.05,,ABANDON,spec ia,NO,,349.1348625,21.4064333,bad weather,,,99,"9,999",,,,,,,,,,,,,,
2022qjh,,0.037,,ABANDON,spec ia,NO,,312.8774083,-20.1702917,missed peak,,,99,"9,999",,,,,,,,,,,,,,
2022qzt,,,,ABANDON,phot ia,NO,,40.1012667,-17.2383333,longshot,,,99,"9,999",,,,,,,,,,,,,,
2022qke,19.4042,0.075,g-ZTF,FINISHED,spec ia,NO,51,16.3515,-2.3125194,,,,99,154,ZTF,,,,?,SDSS J010524.31-021844.3,2022-08-02 11:22:13,2022-09-13,DEbass	,,,,,
2022ptu,,,,ABANDON,phot ia,NO,,356.1090708,-15.7912833,missed peak,,,99,"9,999",,,,,,,,,,,,,,
2022qsp,,,,ABANDON,phot ia,NO,,41.6593167,-20.5884972,longshot,,,99,"9,999",,,,,,,,,,,,,,
2022qwx,18.429,0.024,g-ZTF,FINISHED,spec ia,NO,34,30.5333958,-20.4061,,,,99,149,ZTF,,,,Elliptical,WISEA J020208.00-202427.2,2022-08-07 10:30:05,2022-09-13,ZTF,,,,,
2022qsn,19.51,0.064,g-ZTF,FINISHED,spec ia,NO,60,40.74935,-19.1946028,,,,,,ZTF,,,,Elliptical,,2022-08-05 11:25:26,2022-09-13,ZTF,,,,,
2022qot,,0.095,,ABANDON,spec ia,NO,,334.0830633,-0.4493935,caught at moon,,,99,"9,999",,,,,,,,,,,,,,
2022rnu,19.17,0.063,g-ZTF,FINISHED,spec ia,NO,34,25.1810333,-14.4787778,,,,99,139,ZTF,,,,Eliptical?,,2022-08-17 11:29:46,2022-09-13,ZTF,,,,,
2022rky,18.34,0.029774,r-ZTF,FINISHED,spec ia,NO,39,318.6212375,-9.0476167,,,,99,138,ZTF,,,,Elliptical,,2022-08-18 7:22:05,2022-09-12,SCAT,,,,,
2022rfn,17.606,0.029,orange-ATLAS,FINISHED,spec ia,NO,59,287.8707458,-17.1854306,,,,99,143,ATLAS,,,,far to tell but it looks spiral ,,2022-08-13 9:29:33,2022-09-12,ZTF,,,,,
2022rid,,0.07,,ABANDON,spec ia,NO,,357.9420083,3.852575,missed peak,,,99,"9,999",,,,,,,,,,,,,,
2022rld,19.5685,0.089,r-ZTF,FINISHED,spec ia,NO,56,351.5032542,-9.0853083,just get color,,,99,138,ZTF,,,,too far to tell but it looks eliptical,SDSS J232600.80-090506.3,2022-08-18 7:17:02,2022-09-12,SCAT,,,,,
2022rnt,16.2,0.015,Clear-,FINISHED,spec ia,NO,7,284.1468542,-64.9287444,,,,99,136,MASTER,,,,?,,2022-08-20 2:49:45,2022-09-12,ePESSTO+	,,,,,
2022ryd,,0.025257,,ABANDON,phot ia,NO,,299.6561958,2.5998,very early. interesting.,,,99,"9,999",,,,,,,,,,,,,,
2022rso,19.6456,0.050768,g-ZTF,FINISHED,spec ia,NO,23,351.89935,16.6551333,,,,99,135,ZTF,,,,Elliptical,SDSS J232735.92+163915.8,2022-08-21 7:26:16,2022-09-13,ZTF,,,,,
2022slp,,0.02907,,ABANDON,phot ia,NO,,115.1197708,13.8756444,missed peak,,,99,"9,999",,,,,,,,,,,,,,
2022sum,20.33,0.046,r-ZTF,FINISHED,spec ia,NO,22,269.7421833,11.0085167,maybe missed peak,,,99,133,ZTF,,,,too far to tell?,,2022-08-23 5:55:41,2022-09-13,ZTF,,,,,
2022ssk,20.3,0.028678,g-ZTF,FINISHED,spec ia,NO,50,37.3689625,-5.8483694,-5 days. good one!,,,99,128,ZTF,,,,Spiral,,2022-08-28 10:35:02,2022-09-11,ZTF,,,,,
2022taw,18.96,0.07,g-ZTF,FINISHED,spec ia,NO,39,75.2944208,-10.5963167,just get color,,,99,"9,999",ZTF,,,,,,,,,,,,,
2022suc,20.72,0.08,w-P1,FINISHED,spec ia,NO,14,345.7821458,23.6463778,-4 days,,,99,125,Pan-STARRS,,,,Elliptical?,,2022-08-31 8:22:11,2022-09-13,SCAT,,,,,
2022ssj,20.08,0.076,g-ZTF,FINISHED,spec ia,NO,16,4.8940333,-17.5794806,-2 days,,,99,128,ZTF,,,,too far to tell but it looks elliptical,,2022-08-28 9:07:12,2022-09-14,ZTF,,,,,
2022ssh,,0.073,,ABANDON,spec ia,NO,,30.2748083,15.3214444,missed peak,,,99,"9,999",,,,,,,,,,,,,,
2022sxr,20.2023,0.056089,r-ZTF,ABANDON,phot ia,NO,51,36.5753958,-5.0816083,"flyer, eliptical but dont know if rising",,0.056089,99,123,ZTF,,,,Elliptical,WISEA J022617.44-050443.5,2022-09-02 11:04:42,2022-09-13,no data,,,,,
2022szg,20.28,0.06,g-ZTF,FINISHED,spec ia,NO,1,33.0432292,-6.2108639,-5 days,,,99,126,ZTF,,,,Elliptical,,2022-08-30 10:52:19,2022-09-14,Global SN Project	,,,,,
2022tqx,18.774,0.02457,orange-ATLAS,ABANDON,phot ia,NO,5,25.5574958,-36.5471444,missed weather,,,99,119,ATLAS,,,,Spiral,,2022-09-06 1:29:50,2022-09-10,no data,,,,,
2022trz,18.707,0.0387,orange-ATLAS,FINISHED,spec ia,NO,39,94.4984458,-74.2083194,just get color,,,99,119,ATLAS,,,,Spiral,,2022-09-06 6:33:03,2022-09-13,DEbass,,,,,
2022tvz,17.976,0.0233,orange-ATLAS,FINISHED,spec ia,NO,6,298.7568833,-21.0992222,,,,99,115,ATLAS,,,,Spiral,,2022-09-09 20:31:03,2022-09-13,DEbass,,,,,
2022uaw,19.747,,orange-ATLAS,ABANDON,spec ia,NO,55,99.9412417,-32.8371917,max was sep 15,,,99,113,ATLAS,,,,?,,2022-09-12 7:35:50,2022-09-13,no data ,,,,,
2022ucj,18.188,0.032,orange-ATLAS,ABANDON,spec ia,NO,,67.7131292,-16.306125,,,,99,111,ATLAS,,,,Spiral,,2022-09-14 2:44:44,,QUB,,,,,
2022udc,18.218,0.05,orange-ATLAS,ABANDON,spec ia,NO,,65.9631917,-10.3084389,,,,99,110,ATLAS,,,,Spiral,,2022-09-14 14:31:36,,SCAT,,,,,
2022wcy,20.6358,0.067,g-ZTF,FINISHED,spec ia,NO,16,34.155175,10.2525222,-7days,,,73,99,ZTF,,,,Elliptical ,,2022-09-26 10:21:39,2022-10-22,ZTF,,,,,
2022wcm,19.0727,0.042,r-ZTF,FINISHED,spec ia,NO,13,357.8868125,8.738,-8 days,,,94,97,ZTF,,,,Elliptical ,,2022-09-28 5:36:09,2022-10-01,ZTF,,,,,
2022vrj,19.22,0.04,g-ZTF,FINISHED,spec ia,NO,7,23.2446875,18.0761056,-4 days,,,94,101,ZTF,,,,Elliptical ,,2022-09-24 8:57:07,2022-10-01,ZTF,,,,,
2022vqx,19.76,0.046,r-ZTF,ABANDON,spec ia,NO,62,112.1779667,17.250475,-2 days,,,67,104,ZTF,,,,Elliptical ,,2022-09-21 10:53:46,2022-10-28,ZTF,,,,,
2022vpn,20.222,0.063,g-ZTF,FINISHED,spec ia,NO,36,335.5930792,25.839925,-5 days (northern),,,94,102,ZTF,,,,Elliptical ,SDSS J222222.26+255022.4,2022-09-23 5:25:25,2022-10-01,ZTF,,,,,
2022wsp,,0.007,,ABANDON,II,NO,,345.0147375,15.9785139,16th mag,,,99,"9,999",,,,,,,,,,,,,,
2022wsr,,0.018,,ABANDON,II,NO,,354.4685417,-3.4906639,,,,99,"9,999",,,,,,,,,,,,,,
2022wtn,,,,ABANDON,phot ia,NO,,350.84905,10.6855083,,,,99,"9,999",,,,,,,,,,,,,,
2022whp,19.152,0.054,cyan-ATLAS,FINISHED,spec ia,NO,27,100.0106667,-22.2957056,,,,90,96,ATLAS,,,,Elliptical ,,2022-09-29 1:47:02,2022-10-05,SCAT,,,,,
2022wpy,18.968,0.0152,orange-ATLAS,FINISHED,spec ia,NO,40,71.6167375,-4.7898833,-5 days on oct 13th,,,90,92,ATLAS,,,,Spiral,,2022-10-03 6:40:34,2022-10-05,ZTF,,,,,
2022wxo,19.07,0.05,g-ZTF,FINISHED,spec ia,NO,27,29.073625,-7.6994722,-4days,,,88,92,ZTF,,,,Elliptical ,,2022-10-03 8:49:55,2022-10-07,ZTF,,,,,
2022wsu,17.2,0.027,w-P1,FINISHED,spec ia,NO,26,34.04855,17.9709556,-2days,,,88,93,Pan-STARRS,,,,Elliptical ,,2022-10-02 10:02:34,2022-10-07,QUB,,,,,
2022wwt,18.071,0.0198,ATLAS,FINISHED,spec ia,NO,46,267.1178375,-60.5748028,,,,88,93,ATLAS,,,,?,,2022-10-01 17:35:50,2022-10-07,DEbass,,,,,
2022wsq,,0.038,,ABANDON,spec ia,NO,,19.9980947,15.602735,,,,99,"9,999",,,,,,,,,,,,,,
2022xhh,,,,ABANDON,91bg,NO,,64.1733917,-12.1836083,,,,99,"9,999",,,,,,,,,,,,,,
2022xbd,,,,ABANDON,phot ia,NO,,93.6633667,-31.3157722,,,,99,"9,999",,,,,,,,,,,,,,
2022xaw,,,,ABANDON,spec ia,NO,,343.1827833,16.0841778,,,,99,"9,999",,,,,,,,,,,,,,
2022xix,19.26,0.024,r-ZTF,FINISHED,spec ia,NO,14,63.7809792,-0.9332611,-6 days,,,82,85,ZTF,,,,Spiral?,,2022-10-10 10:35:02,2022-10-13,ZTF,,,,,
2022xhd,19.82,0.043,g-ZTF,FINISHED,spec ia,NO,56,54.8841625,-17.6643861,,,,79,87,ZTF,,,,Spiral?,,2022-10-08 11:29:46,2022-10-16,ePESSTO+,,,,,
2022xku,,,,ABANDON,phot ia,NO,,60.7505792,-53.3177056,elliptical,,,99,"9,999",,,,,,,,,,,,,,
2022xkr,,,,ABANDON,spec ia,NO,,56.8372208,-46.9329167,missed peak,,,99,"9,999",,,,,,,,,,,,,,
2022xgl,,,,ABANDON,91bg like,NO,,338.3766708,-26.2373833,flyer,,,99,"9,999",,,,,,,,,,,,,,
2022xkt,,0.014,,ABANDON, SN Ic,NO,,38.3304792,22.3933278,,,,99,"9,999",,,,,,,,,,,,,,
2022xjl,,0.061,,ABANDON,spec ia,NO,,359.299125,5.6047778,barely caught peak,,,99,"9,999",,,,,,,,,,,,,,
2022xxz,18.6,0.06,,FINISHED,spec ia,NO,18,335.1664083,-16.1794889,-4,,,76,79,ATLAS,,,,?,,2022-10-16 7:43:49,2022-10-19,SCAT,,,,,
2022xqq,,0.08,,ABANDON,spec ia,NO,,342.0240167,11.8473111,-4 on wed oct 19,,,99,"9,999",,,,,,,,,,,,,,
2022xpr,,0.05,,ABANDON,spec ia,NO,,322.8629042,3.9324806,-4 on wed oct 19,,,99,"9,999",,,,,,,,,,,,,,
2022xoz,18.84,0.038,r-ZTF,FINISHED,spec ia,NO,52,42.6067542,5.7937778,-5 on wed oct 19,,,76,82,ZTF,,,,Elliptical,,2022-10-13 9:10:05,2022-10-19,ZTF,,,,,
2022ydl,,0.07,,ABANDON,spec ia,NO,,340.0184833,-6.6412472,-2 days on oct 25,,,99,"9,999",,,,,,,,,,,,,,
2022yrt,19.87,0.05,g-ZTF,FINISHED,spec ia,NO,39,132.1189458,1.3973111,-3 days on oct 28,,,67,75,ZTF,,,,Elliptical,,2022-10-20 11:09:36,2022-10-28,TCD,,,,,
2022yjy,20.1929,0.055,g-ZTF,FINISHED,spec ia,NO,14,115.4202625,8.9985639,-5  days on oct 28,,,67,73,ZTF,,,,Elliptical,WISEA J074140.95+085955.8,2022-10-22 11:06:00,2022-10-28,ZTF,,,,,
2022xzm,,0.017949,,ABANDON,spec ia,NO,,4.2408583,22.5246806,-4 days on oct 28,,,99,"9,999",,,,,,,,,,,,,,
2022yyc,,0.062,,ABANDON,spec ia,NO,,332.4345917,9.1757111,-7days on oct 31,,,99,"9,999",,,,,,,,,,,,,,
2022yxp,19.6079,0.027936,r-ZTF,FINISHED,spec ia,NO,10,74.0234333,1.8185833,-7 days on oct 31,,0.027936,64,67,ZTF,,,,Elliptical,WISEA J045605.72+014912.9,2022-10-28 10:37:30,2022-10-31,ZTF,,,,,
2022ywf,19.95,0.007552,r-ZTF,FINISHED,spec ia,NO,46,20.5508167,0.9565778,-10days on oct 31,,,64,67,ZTF,,,,Spiral,,2022-10-28 4:22:05,2022-10-31,ZTF,,,,,
2022yvv,19.92,0.022173,g-ZTF,FINISHED,spec ia,NO,26,40.4292375,-22.8142583,YSE SN: -8 days on oct 31,,,64,69,ZTF,,,,Spiral?,,2022-10-26 8:34:05,2022-10-31,ePESSTO+,,,,,
2022yrs,,0.063,,ABANDON,SN Ia-91T-like,NO,,56.1440125,-27.5092889,-5 days on oct 31,,,99,"9,999",,,,,,,,,,,,,,
2022ypd,19.2327,0.0198,g-ZTF,ABANDON,spec ia,NO,35,307.8603708,-1.9785917,weather,,0.020102,61,70,ZTF,,,,Elliptical,MCG+00-52-030,2022-10-25 5:29:06,2022-11-03,ZTF,,,,,
2022zue,,0.028823,,ABANDON,phot ia,NO,,159.4045375,-7.2703444,-5days on Nov 9,,,99,"9,999",,,,,,,,,,,,,,
2022zvr,17.6804,0.020715,r-ZTF,ABANDON,spec ia,NO,,174.6358208,-1.1804083,never got,,0.02075547,99,53,ZTF,,,,Spiral,SDSS J113833.27-011104.1,2022-11-10 12:42:49,,ZTF,,,,,
2022zut,14.55,0.003309,orange-ATLAS,ABANDON,spec ia,NO,,175.2451083,11.4696889,never got,,,99,54,ATLAS,,,,Spiral ,,2022-11-09 14:36:57,,SGLF,,,,,
2022zxj,18.1203,0.065489,g-ZTF,ABANDON,spec ia,NO,,0.2149167,-2.3007806,never got,,,99,53,ZTF,,,,Spiral?,SDSS J000050.99-021802.3,2022-11-11 5:13:27,,SCAT,,,,,
2022aahz,19.84,0.075529,r-ZTF,ABANDON,phot ia,NO,,186.4776917,6.7508583,never got,,,99,51,ZTF,,,,?,,2022-11-12 12:44:38,,ZTF,,,,,
2022aajn,18.846,0.043,r-ZTF,YES,spec ia,NO,36,107.0648292,21.0726194,northern. -7days on nov 18,,,46,49,ZTF,,,,Elliptical?,WISEA J070815.11+210422.3,2022-11-15 9:49:16,2022-11-18,SCAT,,,,,
2022aacq,17.94,0.047,r-ZTF,ABANDON,spec ia,NO,,189.3545042,-5.4070528,never got,,,99,51,ZTF,,,,Elliptical?,,2022-11-12 13:01:55,,ZTF,,,,,
2022aaiw,18.414,0.055,orange-ATLAS,ABANDON,spec ia,NO,,92.5465458,-27.5981028,never got,,,99,50,ATLAS,,,,Elliptical?,,2022-11-14 5:48:06,,ePESSTO+,,,,,
2022aanf,19.138,0.024,orange-ATLAS,ABANDON,spec ia,NO,,62.2901042,17.1164028,never got,,,99,48,ATLAS,,,,Spiral,,2022-11-16 11:09:46,,LiONS,,,,,
2022abid,17.4,0.01478,orange-ATLAS,YES,spec ia,NO,,31.8312208,-25.4406583,-8 days on nov 24,,,99,41,ATLAS,,,,Elliptical,,2022-11-23 2:50:54,,none,,,,,
2022abic,18.526,0.014593,cyan-ATLAS,YES,spec ia,NO,,44.7886958,-4.4711778,-5 days on nov 24,,,99,41,ATLAS,,,,Spiral,,2022-11-23 9:13:27,,ZTF,,,,,
2022abgg,19.066,0.069,orange-ATLAS,YES,spec ia,NO,,35.7537083,-9.1969694,-5 days on nov 24,,,99,42,ATLAS,,,,?,,2022-11-22 3:58:16,,ZTF	,,,,,
2022abdh,18.48,0.019937,g-ZTF,YES,spec ia,NO,,129.7835208,-8.8632389,-4 days on nov 24,,,99,43,ZTF,,,,Spiral,,2022-11-21 10:30:43,,TCD,,,,,
2022acwj,,0.016,,YES,spec ia,NO,,138.6014208,-33.3374444,-6 days on dec 12,,,,,,,,,,,,,,,,,,
2022acyd,,0.032889,,YES,SN II,NO,,60.2973375,5.5485417,,,,99,"9,999",,,,,,,,,,,,,,
2022adbx,,0.014571,,YES,spec ia,NO,,170.64,20.6999806,-5 days on dec 18,,,99,"9,999",,,,,,,,,,,,,,
2022acyi,,0.05109,,YES,phot ia,NO,,18.8083708,6.8214611,-8 days on dec 18,,,99,"9,999",,,,,,,,,,,,,,
2022acxe,,0.016575,,ABANDON,spec ia,NO,,334.7010875,-3.4891972,setting,,,99,"9,999",,,,,,,,,,,,,,
2022aczs,,0.041108,,YES,spec ia,NO,,31.3326417,-23.6981639,-5 days on dec 18,,,99,"9,999",,,,,,,,,,,,,,
2022aduk,,0.038,,YES,spec ia,NO,,159.693925,-17.5618944,-8days on dec 24,,,99,"9,999",,,,,,,,,,,,,,
2022adgh,,0.073,,ABANDON,spec ia,NO,,27.6785417,8.0474833,-3days on dec 24,,,99,"9,999",,,,,,,,,,,,,,
2022adfo,,0.040283,,ABANDON,phot ia,NO,,200.4002792,10.093075,elliptical,,,99,"9,999",,,,,,,,,,,,,,
2022adpu,,0.015461,,YES,spec ia,NO,,174.1995125,-8.5879083,nearby -5days on dec 24,,,99,"9,999",,,,,,,,,,,,,,
2022aebx,,0.040932,,ABANDON,phot ia,NO,,15.8213417,14.0343222,caught behind moon,,,99,"9,999",,,,,,,,,,,,,,
2022aecb,,0.02,,YES,91bg,NO,,74.7593917,-0.4419583,-8 days on dec 27. elliptical,,,99,"9,999",,,,,,,,,,,,,,
2022advr,,0.032943,,YES,SN II,NO,,155.7041333,3.7552389,spiral,,,99,"9,999",,,,,,,,,,,,,,
2022aecr,,0.050881,,YES,spec ia,NO,,145.6723375,9.9083278,meh,,,99,"9,999",,,,,,,,,,,,,,
2022aebw,,0.04,,YES,spec ia,NO,,129.6946125,5.2798278,,,,99,"9,999",,,,,,,,,,,,,,
2022adyj,,0.026975,,YES,spec ia,NO,,104.6534167,12.6690139,might have missed peak,,,99,"9,999",,,,,,,,,,,,,,
2022aeed,,0.072087,,YES,spec ia,NO,,61.8915667,-31.4719333,might be lensed,,,99,"9,999",,,,,,,,,,,,,,
2023E,,0.024347,,YES,phot ia,NO,,18.9823167,-50.1874722,bright,,,99,"9,999",,,,,,,,,,,,,,
,,,,,,,,,,,,,99,"9,999",,,,,,,,,,,,,,
,,,,,,,,,,,,,99,"9,999",,,,,,,,,,,,,,
,,,,,,,,,,,,,99,"9,999",,,,,,,,,,,,,,
,,,,,,,,,,,,,99,"9,999",,,,,,,,,,,,,,
,,,,,,,,,,,,,99,"9,999",,,,,,,,,,,,,,
,,,,,,,,,,,,,99,"9,999",,,,,,,,,,,,,,
,,,,,,,,,,,,,99,"9,999",,,,,,,,,,,,,,
,,,,,,,,,,,,,99,"9,999",,,,,,,,,,,,,,
,,,,,,,,,,,,,99,"9,999",,,,,,,,,,,,,,
,,,,,,,,,,,,,99,"9,999",,,,,,,,,,,,,,
,,,,,,,,,,,,,99,"9,999",,,,,,,,,,,,,,
,,,,,,,,,,,,,99,"9,999",,,,,,,,,,,,,,
,,,,,,,,,,,,,99,"9,999",,,,,,,,,,,,,,
,,,,,,,,,,,,,99,"9,999",,,,,,,,,,,,,,
,,,,,,,,,,,,,99,"9,999",,,,,,,,,,,,,,
,,,,,,,,,,,,,99,"9,999",,,,,,,,,,,,,,
,,,,,,,,,,,,,99,"9,999",,,,,,,,,,,,,,
,,,,,,,,,,,,,99,"9,999",,,,,,,,,,,,,,
,,,,,,,,,,,,,99,"9,999",,,,,,,,,,,,,,
,,,,,,,,,,,,,99,"9,999",,,,,,,,,,,,,,
,,,,,,,,,,,,,99,"9,999",,,,,,,,,,,,,,
,,,,,,,,,,,,,99,"9,999",,,,,,,,,,,,,,
,,,,,,,,,,,,,99,"9,999",,,,,,,,,,,,,,
,,,,,,,,,,,,,99,"9,999",,,,,,,,,,,,,,
,,,,,,,,,,,,,99,"9,999",,,,,,,,,,,,,,
,,,,,,,,,,,,,99,"9,999",,,,,,,,,,,,,,
,,,,,,,,,,,,,99,"9,999",,,,,,,,,,,,,,
,,,,,,,,,,,,,99,"9,999",,,,,,,,,,,,,,
,,,,,,,,,,,,,99,"9,999",,,,,,,,,,,,,,
,,,,,,,,,,,,,99,"9,999",,,,,,,,,,,,,,
,,,,,,,,,,,,,99,"9,999",,,,,,,,,,,,,,
,,,,,,,,,,,,,99,"9,999",,,,,,,,,,,,,,
,,,,,,,,,,,,,99,"9,999",,,,,,,,,,,,,,
,,,,,,,,,,,,,99,"9,999",,,,,,,,,,,,,,
,,,,,,,,,,,,,99,"9,999",,,,,,,,,,,,,,
,,,,,,,,,,,,,99,"9,999",,,,,,,,,,,,,,
,,,,,,,,,,,,,99,"9,999",,,,,,,,,,,,,,
,,,,,,,,,,,,,99,"9,999",,,,,,,,,,,,,,
,,,,,,,,,,,,,99,"9,999",,,,,,,,,,,,,,
,,,,,,,,,,,,,99,"9,999",,,,,,,,,,,,,,
,,,,,,,,,,,,,99,"9,999",,,,,,,,,,,,,,
,,,,,,,,,,,,,99,"9,999",,,,,,,,,,,,,,
,,,,,,,,,,,,,99,"9,999",,,,,,,,,,,,,,
,,,,,,,,,,,,,99,"9,999",,,,,,,,,,,,,,
,,,,,,,,,,,,,99,"9,999",,,,,,,,,,,,,,
,,,,,,,,,,,,,99,"9,999",,,,,,,,,,,,,,
,,,,,,,,,,,,,99,"9,999",,,,,,,,,,,,,,
,,,,,,,,,,,,,99,"9,999",,,,,,,,,,,,,,
,,,,,,,,,,,,,99,"9,999",,,,,,,,,,,,,,
,,,,,,,,,,,,,99,"9,999",,,,,,,,,,,,,,
,,,,,,,,,,,,,99,"9,999",,,,,,,,,,,,,,
,,,,,,,,,,,,,99,"9,999",,,,,,,,,,,,,,
,,,,,,,,,,,,,99,"9,999",,,,,,,,,,,,,,
,,,,,,,,,,,,,99,"9,999",,,,,,,,,,,,,,
,,,,,,,,,,,,,99,"9,999",,,,,,,,,,,,,,
,,,,,,,,,,,,,99,"9,999",,,,,,,,,,,,,,
,,,,,,,,,,,,,99,"9,999",,,,,,,,,,,,,,
,,,,,,,,,,,,,99,"9,999",,,,,,,,,,,,,,
,,,,,,,,,,,,,99,"9,999",,,,,,,,,,,,,,
,,,,,,,,,,,,,99,"9,999",,,,,,,,,,,,,,
,,,,,,,,,,,,,99,"9,999",,,,,,,,,,,,,,
,,,,,,,,,,,,,99,"9,999",,,,,,,,,,,,,,
,,,,,,,,,,,,,99,"9,999",,,,,,,,,,,,,,
,,,,,,,,,,,,,99,"9,999",,,,,,,,,,,,,,
,,,,,,,,,,,,,99,"9,999",,,,,,,,,,,,,,
,,,,,,,,,,,,,99,"9,999",,,,,,,,,,,,,,
,,,,,,,,,,,,,99,"9,999",,,,,,,,,,,,,,
,,,,,,,,,,,,,99,"9,999",,,,,,,,,,,,,,
,,,,,,,,,,,,,99,"9,999",,,,,,,,,,,,,,
,,,,,,,,,,,,,99,"9,999",,,,,,,,,,,,,,
,,,,,,,,,,,,,99,"9,999",,,,,,,,,,,,,,
,,,,,,,,,,,,,99,"9,999",,,,,,,,,,,,,,
,,,,,,,,,,,,,99,"9,999",,,,,,,,,,,,,,
,,,,,,,,,,,,,99,"9,999",,,,,,,,,,,,,,
,,,,,,,,,,,,,99,"9,999",,,,,,,,,,,,,,
,,,,,,,,,,,,,99,"9,999",,,,,,,,,,,,,,
,,,,,,,,,,,,,99,"9,999",,,,,,,,,,,,,,
,,,,,,,,,,,,,99,"9,999",,,,,,,,,,,,,,
,,,,,,,,,,,,,99,"9,999",,,,,,,,,,,,,,
,,,,,,,,,,,,,99,"9,999",,,,,,,,,,,,,,
,,,,,,,,,,,,,99,"9,999",,,,,,,,,,,,,,
,,,,,,,,,,,,,99,"9,999",,,,,,,,,,,,,,
,,,,,,,,,,,,,99,"9,999",,,,,,,,,,,,,,
,,,,,,,,,,,,,99,"9,999",,,,,,,,,,,,,,
,,,,,,,,,,,,,99,"9,999",,,,,,,,,,,,,,
,,,,,,,,,,,,,99,"9,999",,,,,,,,,,,,,,
,,,,,,,,,,,,,99,"9,999",,,,,,,,,,,,,,
,,,,,,,,,,,,,99,"9,999",,,,,,,,,,,,,,
,,,,,,,,,,,,,99,"9,999",,,,,,,,,,,,,,
,,,,,,,,,,,,,99,"9,999",,,,,,,,,,,,,,
,,,,,,,,,,,,,99,"9,999",,,,,,,,,,,,,,
,,,,,,,,,,,,,99,"9,999",,,,,,,,,,,,,,
,,,,,,,,,,,,,99,"9,999",,,,,,,,,,,,,,
,,,,,,,,,,,,,99,"9,999",,,,,,,,,,,,,,
,,,,,,,,,,,,,99,"9,999",,,,,,,,,,,,,,
,,,,,,,,,,,,,99,"9,999",,,,,,,,,,,,,,
,,,,,,,,,,,,,99,"9,999",,,,,,,,,,,,,,
,,,,,,,,,,,,,99,"9,999",,,,,,,,,,,,,,
,,,,,,,,,,,,,99,"9,999",,,,,,,,,,,,,,
,,,,,,,,,,,,,99,"9,999",,,,,,,,,,,,,,
,,,,,,,,,,,,,99,"9,999",,,,,,,,,,,,,,
,,,,,,,,,,,,,99,"9,999",,,,,,,,,,,,,,
,,,,,,,,,,,,,99,"9,999",,,,,,,,,,,,,,
,,,,,,,,,,,,,99,"9,999",,,,,,,,,,,,,,
,,,,,,,,,,,,,99,"9,999",,,,,,,,,,,,,,
,,,,,,,,,,,,,99,"9,999",,,,,,,,,,,,,,
,,,,,,,,,,,,,99,"9,999",,,,,,,,,,,,,,
,,,,,,,,,,,,,99,"9,999",,,,,,,,,,,,,,
,,,,,,,,,,,,,99,"9,999",,,,,,,,,,,,,,
,,,,,,,,,,,,,99,"9,999",,,,,,,,,,,,,,
,,,,,,,,,,,,,99,"9,999",,,,,,,,,,,,,,
,,,,,,,,,,,,,99,"9,999",,,,,,,,,,,,,,
,,,,,,,,,,,,,99,"9,999",,,,,,,,,,,,,,
,,,,,,,,,,,,,99,"9,999",,,,,,,,,,,,,,
,,,,,,,,,,,,,99,"9,999",,,,,,,,,,,,,,
,,,,,,,,,,,,,99,"9,999",,,,,,,,,,,,,,
,,,,,,,,,,,,,99,"9,999",,,,,,,,,,,,,,
,,,,,,,,,,,,,99,"9,999",,,,,,,,,,,,,,
,,,,,,,,,,,,,99,"9,999",,,,,,,,,,,,,,
,,,,,,,,,,,,,99,"9,999",,,,,,,,,,,,,,
,,,,,,,,,,,,,99,"9,999",,,,,,,,,,,,,,
,,,,,,,,,,,,,99,"9,999",,,,,,,,,,,,,,
,,,,,,,,,,,,,99,"9,999",,,,,,,,,,,,,,
,,,,,,,,,,,,,99,"9,999",,,,,,,,,,,,,,
,,,,,,,,,,,,,99,"9,999",,,,,,,,,,,,,,
,,,,,,,,,,,,,99,"9,999",,,,,,,,,,,,,,
,,,,,,,,,,,,,99,"9,999",,,,,,,,,,,,,,
,,,,,,,,,,,,,99,"9,999",,,,,,,,,,,,,,
,,,,,,,,,,,,,99,"9,999",,,,,,,,,,,,,,
,,,,,,,,,,,,,99,"9,999",,,,,,,,,,,,,,
,,,,,,,,,,,,,99,"9,999",,,,,,,,,,,,,,
,,,,,,,,,,,,,99,"9,999",,,,,,,,,,,,,,
,,,,,,,,,,,,,99,"9,999",,,,,,,,,,,,,,
,,,,,,,,,,,,,99,"9,999",,,,,,,,,,,,,,
,,,,,,,,,,,,,99,"9,999",,,,,,,,,,,,,,
,,,,,,,,,,,,,99,"9,999",,,,,,,,,,,,,,
,,,,,,,,,,,,,99,"9,999",,,,,,,,,,,,,,
,,,,,,,,,,,,,99,"9,999",,,,,,,,,,,,,,
,,,,,,,,,,,,,99,"9,999",,,,,,,,,,,,,,
,,,,,,,,,,,,,99,"9,999",,,,,,,,,,,,,,
,,,,,,,,,,,,,99,"9,999",,,,,,,,,,,,,,
,,,,,,,,,,,,,99,"9,999",,,,,,,,,,,,,,
,,,,,,,,,,,,,99,"9,999",,,,,,,,,,,,,,
,,,,,,,,,,,,,99,"9,999",,,,,,,,,,,,,,
,,,,,,,,,,,,,99,"9,999",,,,,,,,,,,,,,
,,,,,,,,,,,,,99,"9,999",,,,,,,,,,,,,,
,,,,,,,,,,,,,99,"9,999",,,,,,,,,,,,,,
,,,,,,,,,,,,,99,"9,999",,,,,,,,,,,,,,
,,,,,,,,,,,,,99,"9,999",,,,,,,,,,,,,,
,,,,,,,,,,,,,99,"9,999",,,,,,,,,,,,,,
,,,,,,,,,,,,,99,"9,999",,,,,,,,,,,,,,
,,,,,,,,,,,,,99,"9,999",,,,,,,,,,,,,,
,,,,,,,,,,,,,99,"9,999",,,,,,,,,,,,,,
,,,,,,,,,,,,,99,"9,999",,,,,,,,,,,,,,
,,,,,,,,,,,,,99,"9,999",,,,,,,,,,,,,,
,,,,,,,,,,,,,99,"9,999",,,,,,,,,,,,,,
,,,,,,,,,,,,,99,"9,999",,,,,,,,,,,,,,
,,,,,,,,,,,,,99,"9,999",,,,,,,,,,,,,,
,,,,,,,,,,,,,99,"9,999",,,,,,,,,,,,,,
,,,,,,,,,,,,,99,"9,999",,,,,,,,,,,,,,
,,,,,,,,,,,,,99,"9,999",,,,,,,,,,,,,,
,,,,,,,,,,,,,99,"9,999",,,,,,,,,,,,,,
,,,,,,,,,,,,,99,"9,999",,,,,,,,,,,,,,
,,,,,,,,,,,,,99,"9,999",,,,,,,,,,,,,,
,,,,,,,,,,,,,99,"9,999",,,,,,,,,,,,,,
,,,,,,,,,,,,,99,"9,999",,,,,,,,,,,,,,
,,,,,,,,,,,,,99,"9,999",,,,,,,,,,,,,,
,,,,,,,,,,,,,99,"9,999",,,,,,,,,,,,,,
,,,,,,,,,,,,,99,"9,999",,,,,,,,,,,,,,
,,,,,,,,,,,,,99,"9,999",,,,,,,,,,,,,,
,,,,,,,,,,,,,99,"9,999",,,,,,,,,,,,,,
,,,,,,,,,,,,,99,"9,999",,,,,,,,,,,,,,
,,,,,,,,,,,,,99,"9,999",,,,,,,,,,,,,,
,,,,,,,,,,,,,99,"9,999",,,,,,,,,,,,,,
,,,,,,,,,,,,,99,"9,999",,,,,,,,,,,,,,
,,,,,,,,,,,,,99,"9,999",,,,,,,,,,,,,,
,,,,,,,,,,,,,99,"9,999",,,,,,,,,,,,,,
,,,,,,,,,,,,,99,"9,999",,,,,,,,,,,,,,
,,,,,,,,,,,,,99,"9,999",,,,,,,,,,,,,,
,,,,,,,,,,,,,99,"9,999",,,,,,,,,,,,,,
,,,,,,,,,,,,,99,"9,999",,,,,,,,,,,,,,
,,,,,,,,,,,,,99,"9,999",,,,,,,,,,,,,,
,,,,,,,,,,,,,99,"9,999",,,,,,,,,,,,,,
,,,,,,,,,,,,,99,"9,999",,,,,,,,,,,,,,
,,,,,,,,,,,,,99,"9,999",,,,,,,,,,,,,,
,,,,,,,,,,,,,99,"9,999",,,,,,,,,,,,,,
,,,,,,,,,,,,,99,"9,999",,,,,,,,,,,,,,
,,,,,,,,,,,,,99,"9,999",,,,,,,,,,,,,,
,,,,,,,,,,,,,99,"9,999",,,,,,,,,,,,,,
,,,,,,,,,,,,,99,"9,999",,,,,,,,,,,,,,
,,,,,,,,,,,,,99,"9,999",,,,,,,,,,,,,,
,,,,,,,,,,,,,99,"9,999",,,,,,,,,,,,,,
,,,,,,,,,,,,,99,"9,999",,,,,,,,,,,,,,
,,,,,,,,,,,,,99,"9,999",,,,,,,,,,,,,,
,,,,,,,,,,,,,99,"9,999",,,,,,,,,,,,,,
,,,,,,,,,,,,,99,"9,999",,,,,,,,,,,,,,
,,,,,,,,,,,,,99,"9,999",,,,,,,,,,,,,,
,,,,,,,,,,,,,99,"9,999",,,,,,,,,,,,,,
,,,,,,,,,,,,,99,"9,999",,,,,,,,,,,,,,
,,,,,,,,,,,,,99,"9,999",,,,,,,,,,,,,,
,,,,,,,,,,,,,99,"9,999",,,,,,,,,,,,,,
,,,,,,,,,,,,,99,"9,999",,,,,,,,,,,,,,
,,,,,,,,,,,,,99,"9,999",,,,,,,,,,,,,,
,,,,,,,,,,,,,99,"9,999",,,,,,,,,,,,,,
,,,,,,,,,,,,,99,"9,999",,,,,,,,,,,,,,
,,,,,,,,,,,,,99,"9,999",,,,,,,,,,,,,,
,,,,,,,,,,,,,99,"9,999",,,,,,,,,,,,,,
,,,,,,,,,,,,,99,"9,999",,,,,,,,,,,,,,
,,,,,,,,,,,,,99,"9,999",,,,,,,,,,,,,,
,,,,,,,,,,,,,99,"9,999",,,,,,,,,,,,,,
,,,,,,,,,,,,,99,"9,999",,,,,,,,,,,,,,
,,,,,,,,,,,,,99,"9,999",,,,,,,,,,,,,,
,,,,,,,,,,,,,99,"9,999",,,,,,,,,,,,,,
,,,,,,,,,,,,,99,"9,999",,,,,,,,,,,,,,
,,,,,,,,,,,,,99,"9,999",,,,,,,,,,,,,,
,,,,,,,,,,,,,99,"9,999",,,,,,,,,,,,,,
,,,,,,,,,,,,,99,"9,999",,,,,,,,,,,,,,
,,,,,,,,,,,,,99,"9,999",,,,,,,,,,,,,,
,,,,,,,,,,,,,99,"9,999",,,,,,,,,,,,,,
,,,,,,,,,,,,,99,"9,999",,,,,,,,,,,,,,
,,,,,,,,,,,,,99,"9,999",,,,,,,,,,,,,,
,,,,,,,,,,,,,99,"9,999",,,,,,,,,,,,,,
,,,,,,,,,,,,,99,"9,999",,,,,,,,,,,,,,
,,,,,,,,,,,,,99,"9,999",,,,,,,,,,,,,,
,,,,,,,,,,,,,99,"9,999",,,,,,,,,,,,,,
,,,,,,,,,,,,,99,"9,999",,,,,,,,,,,,,,
,,,,,,,,,,,,,99,"9,999",,,,,,,,,,,,,,
,,,,,,,,,,,,,99,"9,999",,,,,,,,,,,,,,
,,,,,,,,,,,,,99,"9,999",,,,,,,,,,,,,,
,,,,,,,,,,,,,99,"9,999",,,,,,,,,,,,,,
,,,,,,,,,,,,,99,"9,999",,,,,,,,,,,,,,
,,,,,,,,,,,,,99,"9,999",,,,,,,,,,,,,,
,,,,,,,,,,,,,99,"9,999",,,,,,,,,,,,,,
,,,,,,,,,,,,,99,"9,999",,,,,,,,,,,,,,
,,,,,,,,,,,,,99,"9,999",,,,,,,,,,,,,,
,,,,,,,,,,,,,99,"9,999",,,,,,,,,,,,,,
,,,,,,,,,,,,,99,"9,999",,,,,,,,,,,,,,
,,,,,,,,,,,,,99,"9,999",,,,,,,,,,,,,,
,,,,,,,,,,,,,99,"9,999",,,,,,,,,,,,,,
,,,,,,,,,,,,,99,"9,999",,,,,,,,,,,,,,
,,,,,,,,,,,,,99,"9,999",,,,,,,,,,,,,,
,,,,,,,,,,,,,99,"9,999",,,,,,,,,,,,,,
,,,,,,,,,,,,,99,"9,999",,,,,,,,,,,,,,
,,,,,,,,,,,,,99,"9,999",,,,,,,,,,,,,,
,,,,,,,,,,,,,99,"9,999",,,,,,,,,,,,,,
,,,,,,,,,,,,,99,"9,999",,,,,,,,,,,,,,
,,,,,,,,,,,,,99,"9,999",,,,,,,,,,,,,,
,,,,,,,,,,,,,99,"9,999",,,,,,,,,,,,,,
,,,,,,,,,,,,,99,"9,999",,,,,,,,,,,,,,
,,,,,,,,,,,,,99,"9,999",,,,,,,,,,,,,,
,,,,,,,,,,,,,99,"9,999",,,,,,,,,,,,,,
,,,,,,,,,,,,,99,"9,999",,,,,,,,,,,,,,
,,,,,,,,,,,,,99,"9,999",,,,,,,,,,,,,,
,,,,,,,,,,,,,99,"9,999",,,,,,,,,,,,,,
,,,,,,,,,,,,,99,"9,999",,,,,,,,,,,,,,
,,,,,,,,,,,,,99,"9,999",,,,,,,,,,,,,,
,,,,,,,,,,,,,99,"9,999",,,,,,,,,,,,,,
,,,,,,,,,,,,,99,"9,999",,,,,,,,,,,,,,
,,,,,,,,,,,,,99,"9,999",,,,,,,,,,,,,,
,,,,,,,,,,,,,99,"9,999",,,,,,,,,,,,,,
,,,,,,,,,,,,,99,"9,999",,,,,,,,,,,,,,
,,,,,,,,,,,,,99,"9,999",,,,,,,,,,,,,,
,,,,,,,,,,,,,99,"9,999",,,,,,,,,,,,,,
,,,,,,,,,,,,,99,"9,999",,,,,,,,,,,,,,
,,,,,,,,,,,,,99,"9,999",,,,,,,,,,,,,,
,,,,,,,,,,,,,99,"9,999",,,,,,,,,,,,,,
,,,,,,,,,,,,,99,"9,999",,,,,,,,,,,,,,
,,,,,,,,,,,,,99,"9,999",,,,,,,,,,,,,,
,,,,,,,,,,,,,99,"9,999",,,,,,,,,,,,,,
,,,,,,,,,,,,,99,"9,999",,,,,,,,,,,,,,
,,,,,,,,,,,,,99,"9,999",,,,,,,,,,,,,,
,,,,,,,,,,,,,99,"9,999",,,,,,,,,,,,,,
,,,,,,,,,,,,,99,"9,999",,,,,,,,,,,,,,
,,,,,,,,,,,,,99,"9,999",,,,,,,,,,,,,,
,,,,,,,,,,,,,99,"9,999",,,,,,,,,,,,,,
,,,,,,,,,,,,,99,"9,999",,,,,,,,,,,,,,
,,,,,,,,,,,,,99,"9,999",,,,,,,,,,,,,,
,,,,,,,,,,,,,99,"9,999",,,,,,,,,,,,,,
,,,,,,,,,,,,,99,"9,999",,,,,,,,,,,,,,
,,,,,,,,,,,,,99,"9,999",,,,,,,,,,,,,,
,,,,,,,,,,,,,99,"9,999",,,,,,,,,,,,,,
,,,,,,,,,,,,,99,"9,999",,,,,,,,,,,,,,
,,,,,,,,,,,,,99,"9,999",,,,,,,,,,,,,,
,,,,,,,,,,,,,99,"9,999",,,,,,,,,,,,,,
,,,,,,,,,,,,,99,"9,999",,,,,,,,,,,,,,
,,,,,,,,,,,,,99,"9,999",,,,,,,,,,,,,,
,,,,,,,,,,,,,99,"9,999",,,,,,,,,,,,,,
,,,,,,,,,,,,,99,"9,999",,,,,,,,,,,,,,
,,,,,,,,,,,,,99,"9,999",,,,,,,,,,,,,,
,,,,,,,,,,,,,99,"9,999",,,,,,,,,,,,,,
,,,,,,,,,,,,,99,"9,999",,,,,,,,,,,,,,
,,,,,,,,,,,,,99,"9,999",,,,,,,,,,,,,,
,,,,,,,,,,,,,99,"9,999",,,,,,,,,,,,,,
,,,,,,,,,,,,,99,"9,999",,,,,,,,,,,,,,
,,,,,,,,,,,,,99,"9,999",,,,,,,,,,,,,,
,,,,,,,,,,,,,99,"9,999",,,,,,,,,,,,,,
,,,,,,,,,,,,,99,"9,999",,,,,,,,,,,,,,
,,,,,,,,,,,,,99,"9,999",,,,,,,,,,,,,,
,,,,,,,,,,,,,99,"9,999",,,,,,,,,,,,,,
,,,,,,,,,,,,,99,"9,999",,,,,,,,,,,,,,
,,,,,,,,,,,,,99,"9,999",,,,,,,,,,,,,,
,,,,,,,,,,,,,99,"9,999",,,,,,,,,,,,,,
,,,,,,,,,,,,,99,"9,999",,,,,,,,,,,,,,
,,,,,,,,,,,,,99,"9,999",,,,,,,,,,,,,,
,,,,,,,,,,,,,99,"9,999",,,,,,,,,,,,,,
,,,,,,,,,,,,,99,"9,999",,,,,,,,,,,,,,
,,,,,,,,,,,,,99,"9,999",,,,,,,,,,,,,,
,,,,,,,,,,,,,99,"9,999",,,,,,,,,,,,,,
,,,,,,,,,,,,,99,"9,999",,,,,,,,,,,,,,
,,,,,,,,,,,,,99,"9,999",,,,,,,,,,,,,,
,,,,,,,,,,,,,99,"9,999",,,,,,,,,,,,,,
,,,,,,,,,,,,,99,"9,999",,,,,,,,,,,,,,
,,,,,,,,,,,,,99,"9,999",,,,,,,,,,,,,,
,,,,,,,,,,,,,99,"9,999",,,,,,,,,,,,,,
,,,,,,,,,,,,,99,"9,999",,,,,,,,,,,,,,
,,,,,,,,,,,,,99,"9,999",,,,,,,,,,,,,,
,,,,,,,,,,,,,99,"9,999",,,,,,,,,,,,,,
,,,,,,,,,,,,,99,"9,999",,,,,,,,,,,,,,
,,,,,,,,,,,,,99,"9,999",,,,,,,,,,,,,,
,,,,,,,,,,,,,99,"9,999",,,,,,,,,,,,,,
,,,,,,,,,,,,,99,"9,999",,,,,,,,,,,,,,
,,,,,,,,,,,,,99,"9,999",,,,,,,,,,,,,,
,,,,,,,,,,,,,99,"9,999",,,,,,,,,,,,,,
,,,,,,,,,,,,,99,"9,999",,,,,,,,,,,,,,
,,,,,,,,,,,,,99,"9,999",,,,,,,,,,,,,,
,,,,,,,,,,,,,99,"9,999",,,,,,,,,,,,,,
,,,,,,,,,,,,,99,"9,999",,,,,,,,,,,,,,
,,,,,,,,,,,,,99,"9,999",,,,,,,,,,,,,,
,,,,,,,,,,,,,99,"9,999",,,,,,,,,,,,,,
,,,,,,,,,,,,,99,"9,999",,,,,,,,,,,,,,
,,,,,,,,,,,,,99,"9,999",,,,,,,,,,,,,,
,,,,,,,,,,,,,99,"9,999",,,,,,,,,,,,,,
,,,,,,,,,,,,,99,"9,999",,,,,,,,,,,,,,
,,,,,,,,,,,,,99,"9,999",,,,,,,,,,,,,,
,,,,,,,,,,,,,99,"9,999",,,,,,,,,,,,,,
,,,,,,,,,,,,,99,"9,999",,,,,,,,,,,,,,
,,,,,,,,,,,,,99,"9,999",,,,,,,,,,,,,,
,,,,,,,,,,,,,99,99,,,,,,,,,,,,,,
,,,,,,,,,,,,,99,99,,,,,,,,,,,,,,
,,,,,,,,,,,,,99,99,,,,,,,,,,,,,,
,,,,,,,,,,,,,99,99,,,,,,,,,,,,,,
,,,,,,,,,,,,,99,99,,,,,,,,,,,,,,
,,,,,,,,,,,,,99,99,,,,,,,,,,,,,,
,,,,,,,,,,,,,99,99,,,,,,,,,,,,,,
,,,,,,,,,,,,,99,99,,,,,,,,,,,,,,
,,,,,,,,,,,,,99,99,,,,,,,,,,,,,,
,,,,,,,,,,,,,99,99,,,,,,,,,,,,,,
,,,,,,,,,,,,,99,99,,,,,,,,,,,,,,
,,,,,,,,,,,,,99,99,,,,,,,,,,,,,,
,,,,,,,,,,,,,99,99,,,,,,,,,,,,,,
,,,,,,,,,,,,,99,99,,,,,,,,,,,,,,
,,,,,,,,,,,,,99,99,,,,,,,,,,,,,,
,,,,,,,,,,,,,99,99,,,,,,,,,,,,,,
,,,,,,,,,,,,,99,99,,,,,,,,,,,,,,
,,,,,,,,,,,,,99,99,,,,,,,,,,,,,,
,,,,,,,,,,,,,99,99,,,,,,,,,,,,,,
,,,,,,,,,,,,,99,99,,,,,,,,,,,,,,
,,,,,,,,,,,,,99,99,,,,,,,,,,,,,,
,,,,,,,,,,,,,99,99,,,,,,,,,,,,,,
,,,,,,,,,,,,,99,99,,,,,,,,,,,,,,
,,,,,,,,,,,,,99,99,,,,,,,,,,,,,,
,,,,,,,,,,,,,99,99,,,,,,,,,,,,,,
,,,,,,,,,,,,,99,99,,,,,,,,,,,,,,
,,,,,,,,,,,,,99,99,,,,,,,,,,,,,,
,,,,,,,,,,,,,99,99,,,,,,,,,,,,,,
,,,,,,,,,,,,,99,99,,,,,,,,,,,,,,
,,,,,,,,,,,,,99,99,,,,,,,,,,,,,,
,,,,,,,,,,,,,99,99,,,,,,,,,,,,,,
,,,,,,,,,,,,,99,99,,,,,,,,,,,,,,
,,,,,,,,,,,,,99,99,,,,,,,,,,,,,,
,,,,,,,,,,,,,99,99,,,,,,,,,,,,,,
,,,,,,,,,,,,,99,99,,,,,,,,,,,,,,
,,,,,,,,,,,,,99,99,,,,,,,,,,,,,,
,,,,,,,,,,,,,99,99,,,,,,,,,,,,,,
,,,,,,,,,,,,,99,99,,,,,,,,,,,,,,
,,,,,,,,,,,,,99,99,,,,,,,,,,,,,,
,,,,,,,,,,,,,99,99,,,,,,,,,,,,,,
,,,,,,,,,,,,,99,99,,,,,,,,,,,,,,
,,,,,,,,,,,,,99,99,,,,,,,,,,,,,,
,,,,,,,,,,,,,99,99,,,,,,,,,,,,,,
,,,,,,,,,,,,,99,99,,,,,,,,,,,,,,
,,,,,,,,,,,,,99,99,,,,,,,,,,,,,,
,,,,,,,,,,,,,99,99,,,,,,,,,,,,,,
,,,,,,,,,,,,,99,99,,,,,,,,,,,,,,
,,,,,,,,,,,,,99,99,,,,,,,,,,,,,,
,,,,,,,,,,,,,99,99,,,,,,,,,,,,,,
,,,,,,,,,,,,,99,99,,,,,,,,,,,,,,
,,,,,,,,,,,,,99,99,,,,,,,,,,,,,,
,,,,,,,,,,,,,99,99,,,,,,,,,,,,,,
,,,,,,,,,,,,,99,99,,,,,,,,,,,,,,
,,,,,,,,,,,,,99,99,,,,,,,,,,,,,,
,,,,,,,,,,,,,99,99,,,,,,,,,,,,,,
,,,,,,,,,,,,,99,99,,,,,,,,,,,,,,
,,,,,,,,,,,,,99,99,,,,,,,,,,,,,,
,,,,,,,,,,,,,99,99,,,,,,,,,,,,,,
,,,,,,,,,,,,,99,99,,,,,,,,,,,,,,
,,,,,,,,,,,,,99,99,,,,,,,,,,,,,,
,,,,,,,,,,,,,99,99,,,,,,,,,,,,,,
,,,,,,,,,,,,,99,99,,,,,,,,,,,,,,
,,,,,,,,,,,,,99,99,,,,,,,,,,,,,,
,,,,,,,,,,,,,99,99,,,,,,,,,,,,,,
,,,,,,,,,,,,,99,99,,,,,,,,,,,,,,
,,,,,,,,,,,,,99,99,,,,,,,,,,,,,,
,,,,,,,,,,,,,99,99,,,,,,,,,,,,,,
,,,,,,,,,,,,,99,99,,,,,,,,,,,,,,
,,,,,,,,,,,,,99,99,,,,,,,,,,,,,,
,,,,,,,,,,,,,99,99,,,,,,,,,,,,,,
,,,,,,,,,,,,,99,99,,,,,,,,,,,,,,
,,,,,,,,,,,,,99,99,,,,,,,,,,,,,,
,,,,,,,,,,,,,99,99,,,,,,,,,,,,,,
,,,,,,,,,,,,,99,99,,,,,,,,,,,,,,
,,,,,,,,,,,,,99,99,,,,,,,,,,,,,,
,,,,,,,,,,,,,99,99,,,,,,,,,,,,,,
,,,,,,,,,,,,,99,99,,,,,,,,,,,,,,
,,,,,,,,,,,,,99,99,,,,,,,,,,,,,,
,,,,,,,,,,,,,99,99,,,,,,,,,,,,,,
,,,,,,,,,,,,,99,99,,,,,,,,,,,,,,
,,,,,,,,,,,,,99,99,,,,,,,,,,,,,,
,,,,,,,,,,,,,99,99,,,,,,,,,,,,,,
,,,,,,,,,,,,,99,99,,,,,,,,,,,,,,
,,,,,,,,,,,,,99,99,,,,,,,,,,,,,,
,,,,,,,,,,,,,99,99,,,,,,,,,,,,,,
,,,,,,,,,,,,,99,99,,,,,,,,,,,,,,
,,,,,,,,,,,,,99,99,,,,,,,,,,,,,,
,,,,,,,,,,,,,99,99,,,,,,,,,,,,,,
,,,,,,,,,,,,,99,99,,,,,,,,,,,,,,
,,,,,,,,,,,,,99,99,,,,,,,,,,,,,,
,,,,,,,,,,,,,99,99,,,,,,,,,,,,,,
,,,,,,,,,,,,,99,99,,,,,,,,,,,,,,
,,,,,,,,,,,,,99,99,,,,,,,,,,,,,,
,,,,,,,,,,,,,99,99,,,,,,,,,,,,,,
,,,,,,,,,,,,,99,99,,,,,,,,,,,,,,
,,,,,,,,,,,,,99,99,,,,,,,,,,,,,,
,,,,,,,,,,,,,99,99,,,,,,,,,,,,,,
,,,,,,,,,,,,,99,99,,,,,,,,,,,,,,
,,,,,,,,,,,,,99,99,,,,,,,,,,,,,,
,,,,,,,,,,,,,99,99,,,,,,,,,,,,,,
,,,,,,,,,,,,,99,99,,,,,,,,,,,,,,
,,,,,,,,,,,,,99,99,,,,,,,,,,,,,,
,,,,,,,,,,,,,99,99,,,,,,,,,,,,,,
,,,,,,,,,,,,,99,99,,,,,,,,,,,,,,
,,,,,,,,,,,,,99,99,,,,,,,,,,,,,,
,,,,,,,,,,,,,99,99,,,,,,,,,,,,,,
,,,,,,,,,,,,,99,99,,,,,,,,,,,,,,
,,,,,,,,,,,,,99,99,,,,,,,,,,,,,,
,,,,,,,,,,,,,99,99,,,,,,,,,,,,,,
,,,,,,,,,,,,,99,99,,,,,,,,,,,,,,
,,,,,,,,,,,,,99,99,,,,,,,,,,,,,,
,,,,,,,,,,,,,99,99,,,,,,,,,,,,,,
,,,,,,,,,,,,,99,99,,,,,,,,,,,,,,
,,,,,,,,,,,,,99,99,,,,,,,,,,,,,,
,,,,,,,,,,,,,99,99,,,,,,,,,,,,,,
,,,,,,,,,,,,,99,99,,,,,,,,,,,,,,
,,,,,,,,,,,,,99,99,,,,,,,,,,,,,,
,,,,,,,,,,,,,99,99,,,,,,,,,,,,,,
,,,,,,,,,,,,,99,99,,,,,,,,,,,,,,
,,,,,,,,,,,,,99,99,,,,,,,,,,,,,,
,,,,,,,,,,,,,99,99,,,,,,,,,,,,,,
,,,,,,,,,,,,,99,99,,,,,,,,,,,,,,
,,,,,,,,,,,,,99,99,,,,,,,,,,,,,,
,,,,,,,,,,,,,99,99,,,,,,,,,,,,,,
,,,,,,,,,,,,,99,99,,,,,,,,,,,,,,
,,,,,,,,,,,,,99,99,,,,,,,,,,,,,,
,,,,,,,,,,,,,99,99,,,,,,,,,,,,,,
,,,,,,,,,,,,,99,99,,,,,,,,,,,,,,
,,,,,,,,,,,,,99,99,,,,,,,,,,,,,,
,,,,,,,,,,,,,99,99,,,,,,,,,,,,,,
,,,,,,,,,,,,,99,99,,,,,,,,,,,,,,
,,,,,,,,,,,,,99,99,,,,,,,,,,,,,,
,,,,,,,,,,,,,99,99,,,,,,,,,,,,,,
,,,,,,,,,,,,,99,99,,,,,,,,,,,,,,
,,,,,,,,,,,,,99,99,,,,,,,,,,,,,,
,,,,,,,,,,,,,99,99,,,,,,,,,,,,,,
,,,,,,,,,,,,,99,99,,,,,,,,,,,,,,
,,,,,,,,,,,,,99,99,,,,,,,,,,,,,,
,,,,,,,,,,,,,99,99,,,,,,,,,,,,,,
,,,,,,,,,,,,,99,99,,,,,,,,,,,,,,
,,,,,,,,,,,,,99,99,,,,,,,,,,,,,,
,,,,,,,,,,,,,99,99,,,,,,,,,,,,,,
,,,,,,,,,,,,,99,99,,,,,,,,,,,,,,
,,,,,,,,,,,,,99,99,,,,,,,,,,,,,,
,,,,,,,,,,,,,99,99,,,,,,,,,,,,,,
,,,,,,,,,,,,,99,99,,,,,,,,,,,,,,
,,,,,,,,,,,,,99,99,,,,,,,,,,,,,,
,,,,,,,,,,,,,99,99,,,,,,,,,,,,,,
,,,,,,,,,,,,,99,99,,,,,,,,,,,,,,
,,,,,,,,,,,,,99,99,,,,,,,,,,,,,,
,,,,,,,,,,,,,99,99,,,,,,,,,,,,,,
,,,,,,,,,,,,,99,99,,,,,,,,,,,,,,
,,,,,,,,,,,,,99,99,,,,,,,,,,,,,,
,,,,,,,,,,,,,99,99,,,,,,,,,,,,,,
,,,,,,,,,,,,,99,99,,,,,,,,,,,,,,